-- phpMyAdmin SQL Dump
-- version 4.8.3
-- https://www.phpmyadmin.net/
--
-- Хост: 127.0.0.1:3306
-- Время создания: Апр 01 2019 г., 22:14
-- Версия сервера: 5.7.23
-- Версия PHP: 7.2.10

SET SQL_MODE = "NO_AUTO_VALUE_ON_ZERO";
SET AUTOCOMMIT = 0;
START TRANSACTION;
SET time_zone = "+00:00";


/*!40101 SET @OLD_CHARACTER_SET_CLIENT=@@CHARACTER_SET_CLIENT */;
/*!40101 SET @OLD_CHARACTER_SET_RESULTS=@@CHARACTER_SET_RESULTS */;
/*!40101 SET @OLD_COLLATION_CONNECTION=@@COLLATION_CONNECTION */;
/*!40101 SET NAMES utf8mb4 */;

--
-- База данных: `medical_journal`
--

-- --------------------------------------------------------

--
-- Структура таблицы `cycle`
--

CREATE TABLE `cycle` (
  `_id_cycle` binary(16) NOT NULL,
  `period` int(11) NOT NULL,
  `period_DM_type` int(11) NOT NULL,
  `once_a_period` int(11) DEFAULT NULL,
  `once_a_period_DM_type` int(11) DEFAULT NULL,
  `_id_week_schedule` binary(16) DEFAULT NULL,
  `_id_cycling_type` int(11) NOT NULL,
  `synch_time` timestamp NOT NULL,
  `change_type` int(11) NOT NULL
) ENGINE=InnoDB DEFAULT CHARSET=utf8;

--
-- Дамп данных таблицы `cycle`
--

INSERT INTO `cycle` (`_id_cycle`, `period`, `period_DM_type`, `once_a_period`, `once_a_period_DM_type`, `_id_week_schedule`, `_id_cycling_type`, `synch_time`, `change_type`) VALUES
(0x0248d086107b4ba197b36ddee73078a5, 10, 1, NULL, NULL, 0x4b232c96617748c7afb317bb516532d8, 2, '2019-03-29 20:05:31', 1),
(0x2ddd129f4d7945cf9fd06ba759c07efe, 10, 1, NULL, NULL, NULL, 1, '2019-03-28 17:16:20', 1),
(0x3798f9b6befb4b0e83ddebef42a95107, 10, 1, NULL, NULL, 0xebacb317ac4b48d8980049c3eaa94724, 2, '2019-03-29 20:01:19', 1),
(0x3fd6e6dd2c88440f9667f42c06513ead, 10, 1, NULL, NULL, NULL, 1, '2019-03-30 16:07:14', 3),
(0x491484ca348a417dba0928c8133c5289, 10, 1, NULL, NULL, NULL, 1, '2019-03-28 16:47:31', 1),
(0x56870c88b4954b6ba7bac316ffba4e5e, 10, 1, NULL, NULL, NULL, 1, '2019-03-28 17:16:58', 1),
(0x5721890f919340b68495ebb31d51a1b6, 10, 1, NULL, NULL, NULL, 1, '2019-03-28 10:33:23', 3),
(0x6447d17cf57d4750bec055bef4d2ddce, 10, 1, NULL, NULL, NULL, 1, '2019-03-28 15:47:02', 1),
(0x71c135feea5746c199de75964452ccfc, 10, 1, NULL, NULL, NULL, 1, '2019-03-30 16:01:34', 3),
(0x76788259921f4f0ab8f141999eb9c635, 10, 1, NULL, NULL, 0x6fd0e1c7674d4260879a96100e2a1643, 2, '2019-03-22 12:17:52', 3),
(0x77c1ae7c19034e66a4bf68f40f864d1f, 11, 1, NULL, NULL, 0x890145cb9aa54a0ea83028a2bc3c3a43, 2, '2019-03-28 15:28:53', 1),
(0x7f433eeaffcc43f4b566925c159a6259, 10, 1, NULL, NULL, NULL, 1, '2019-04-01 14:37:58', 1),
(0x8040286f98b746dcb9bd91aaef5a4e15, 10, 1, NULL, NULL, NULL, 1, '2019-03-29 17:16:22', 3),
(0x9ac5719ce67e46de9a68d81787371afa, 10, 1, NULL, NULL, 0xbdf9898a36d5404e9879732d2cab933b, 2, '2019-03-29 20:03:51', 1),
(0x9de43403d8164b6e911b556b2715e9df, 10, 1, NULL, NULL, NULL, 1, '2019-03-28 06:45:52', 1),
(0xb212b6854a914828b36a071ef5ff590b, 10, 1, NULL, NULL, NULL, 1, '2019-03-30 17:21:31', 3),
(0xbacba328783d4f37a975a32cb4d87c1d, 10, 1, NULL, NULL, NULL, 1, '2019-03-31 09:10:56', 3),
(0xbb8f2db6c3b441b594c28f0726d4b2be, 10, 1, NULL, NULL, 0xfac319df622948a282fe25576ff3be91, 2, '2019-03-29 20:04:37', 1),
(0xbebc6be68b9749ac8c3270987ba8549d, 10, 1, NULL, NULL, NULL, 1, '2019-03-28 17:20:15', 1),
(0xc2b05ba1f33f4e4981725447a793fdf3, 10, 1, NULL, NULL, NULL, 1, '2019-04-01 06:43:43', 2),
(0xc2c44d1e3a464489aef927166917bf20, 10, 1, NULL, NULL, NULL, 1, '2019-04-01 06:34:35', 1),
(0xd3a501d96f714ceda1673c54750a770b, 12, 1, 2, 1, NULL, 3, '2019-03-28 15:40:43', 1),
(0xdcb946659fa647e5a77db918e9a2befe, 10, 1, NULL, NULL, NULL, 1, '2019-03-31 09:59:51', 3),
(0xe8dc0aa7b9e64d81812fb55d870c9959, 10, 1, NULL, NULL, NULL, 1, '2019-03-31 09:10:54', 3),
(0xf3e2912337b94a4b8066405cb55e61fa, 10, 1, NULL, NULL, NULL, 1, '2019-04-01 13:23:20', 1),
(0xf4eed2e852f54b5f82f62a5b8e022871, 10, 1, NULL, NULL, NULL, 1, '2019-03-31 09:10:52', 3),
(0xf7586c44621941a792334e7e83b8ac00, 10, 1, NULL, NULL, NULL, 1, '2019-03-28 10:40:10', 3),
(0xf958fc3e2cb342e4b38ae941f61ef4e9, 10, 1, NULL, NULL, NULL, 1, '2019-03-28 11:01:05', 1),
(0xfc032fb7621a498eb90aeb40f15b33a1, 10, 1, NULL, NULL, 0x8686ec9ab3be45c0b680d42c00c046c3, 2, '2019-03-29 19:57:50', 1);

-- --------------------------------------------------------

--
-- Структура таблицы `cycling_type`
--

CREATE TABLE `cycling_type` (
  `_id_cycling_type` int(11) NOT NULL,
  `cycling_type_name` varchar(50) NOT NULL
) ENGINE=InnoDB DEFAULT CHARSET=utf8;

--
-- Дамп данных таблицы `cycling_type`
--

INSERT INTO `cycling_type` (`_id_cycling_type`, `cycling_type_name`) VALUES
(1, 'every_day'),
(2, 'specific_days'),
(3, 'day_interval');

-- --------------------------------------------------------

--
-- Структура таблицы `date_measurement_type`
--

CREATE TABLE `date_measurement_type` (
  `_id_date_measurement_type` int(11) NOT NULL,
  `type_name` varchar(50) NOT NULL
) ENGINE=InnoDB DEFAULT CHARSET=utf8;

--
-- Дамп данных таблицы `date_measurement_type`
--

INSERT INTO `date_measurement_type` (`_id_date_measurement_type`, `type_name`) VALUES
(1, 'дн.'),
(2, 'нед.'),
(3, 'мес.');

-- --------------------------------------------------------

--
-- Структура таблицы `having_meals_type`
--

CREATE TABLE `having_meals_type` (
  `_id_having_meals_type` int(11) NOT NULL,
  `type_name` varchar(15) NOT NULL
) ENGINE=InnoDB DEFAULT CHARSET=utf8;

--
-- Дамп данных таблицы `having_meals_type`
--

INSERT INTO `having_meals_type` (`_id_having_meals_type`, `type_name`) VALUES
(1, 'before'),
(2, 'with'),
(3, 'after');

-- --------------------------------------------------------

--
-- Структура таблицы `hibernate_sequence`
--

CREATE TABLE `hibernate_sequence` (
  `next_val` bigint(20) DEFAULT NULL
) ENGINE=InnoDB DEFAULT CHARSET=utf8;

--
-- Дамп данных таблицы `hibernate_sequence`
--

INSERT INTO `hibernate_sequence` (`next_val`) VALUES
(44);

-- --------------------------------------------------------

--
-- Структура таблицы `measurement_reminder`
--

CREATE TABLE `measurement_reminder` (
  `_id_measurement_reminder` binary(16) NOT NULL,
  `_id_measurement_type` int(11) NOT NULL,
  `start_date` date NOT NULL,
  `_id_cycle` binary(16) DEFAULT NULL,
  `_id_having_meals_type` int(11) DEFAULT NULL,
  `having_meals_time` int(11) DEFAULT NULL,
  `annotation` text,
  `is_active` int(11) NOT NULL,
  `times_a_day` int(11) NOT NULL,
  `is_one_time` int(11) DEFAULT NULL,
  `user_id` int(11) NOT NULL,
  `synch_time` timestamp NOT NULL,
  `change_type` int(11) NOT NULL
) ENGINE=InnoDB DEFAULT CHARSET=utf8;

--
-- Дамп данных таблицы `measurement_reminder`
--

INSERT INTO `measurement_reminder` (`_id_measurement_reminder`, `_id_measurement_type`, `start_date`, `_id_cycle`, `_id_having_meals_type`, `having_meals_time`, `annotation`, `is_active`, `times_a_day`, `is_one_time`, `user_id`, `synch_time`, `change_type`) VALUES
(0x12a2d7e8eb9f4ef49040561bc7c678a2, 2, '2019-03-30', 0xb212b6854a914828b36a071ef5ff590b, NULL, NULL, '', 1, 1, 0, 43, '2019-03-30 17:21:31', 3),
(0x2045ddd1240848c7b2cb50a7004e53b9, 2, '2019-04-01', NULL, 2, NULL, NULL, 1, 1, 1, 43, '2019-04-01 19:12:59', 1),
(0x3a06ff765d1b42e7ae7ac38c33ee1ac6, 1, '2019-03-30', 0xe8dc0aa7b9e64d81812fb55d870c9959, NULL, NULL, '', 1, 1, 0, 43, '2019-03-31 09:10:54', 3),
(0x3be448de4cff49cfbce2230bd1cd2519, 1, '2019-03-30', 0x3fd6e6dd2c88440f9667f42c06513ead, 3, 12, 'ghhjg5', 1, 2, 0, 43, '2019-03-30 16:07:14', 3),
(0x485f4ff79bc14c6e927ba95a0c14f49a, 1, '2019-04-01', 0xf3e2912337b94a4b8066405cb55e61fa, NULL, NULL, '', 1, 1, 0, 43, '2019-04-01 13:23:20', 1),
(0x50c437cde3f8414a8eccaf6826ee4044, 1, '2019-03-30', 0xbacba328783d4f37a975a32cb4d87c1d, NULL, NULL, '', 1, 1, 0, 43, '2019-03-31 09:10:56', 3),
(0xc0e9478f16f444528fe2375bdb7f1669, 2, '2019-03-31', NULL, NULL, NULL, NULL, 1, 1, 1, 43, '2019-03-31 09:49:09', 1),
(0xf006de867e624c988e454fc7437670b1, 1, '2019-03-31', 0xf4eed2e852f54b5f82f62a5b8e022871, NULL, NULL, '', 1, 1, 0, 43, '2019-03-31 09:10:52', 3);

-- --------------------------------------------------------

--
-- Структура таблицы `measurement_reminder_entry`
--

CREATE TABLE `measurement_reminder_entry` (
  `_id_measur_remind_entry` binary(16) NOT NULL,
  `value1` double DEFAULT NULL,
  `value2` double DEFAULT NULL,
  `_id_measurement_reminder` binary(16) NOT NULL,
  `is_done` int(11) NOT NULL,
  `reminder_time` time DEFAULT NULL,
  `reminder_date` datetime DEFAULT NULL,
  `is_one_time` int(11) DEFAULT NULL,
  `synch_time` timestamp NOT NULL,
  `change_type` int(11) NOT NULL
) ENGINE=InnoDB DEFAULT CHARSET=utf8;

--
-- Дамп данных таблицы `measurement_reminder_entry`
--

INSERT INTO `measurement_reminder_entry` (`_id_measur_remind_entry`, `value1`, `value2`, `_id_measurement_reminder`, `is_done`, `reminder_time`, `reminder_date`, `is_one_time`, `synch_time`, `change_type`) VALUES
(0x004182503a354f029c7737d4af1925a1, -10000, -10000, 0x3be448de4cff49cfbce2230bd1cd2519, 0, NULL, '2019-04-04 22:04:00', 0, '2019-03-30 16:07:14', 3),
(0x00958b503ae14505aa92f1f777b70b5d, -10000, -10000, 0x3a06ff765d1b42e7ae7ac38c33ee1ac6, 0, NULL, '2019-04-01 20:00:01', 0, '2019-03-31 09:10:54', 3),
(0x0183cf7faff0446c8ce08285f3772cd3, -10000, -10000, 0xf006de867e624c988e454fc7437670b1, 0, NULL, '2019-04-05 12:00:00', 0, '2019-03-31 09:10:52', 3),
(0x01b60febe9c9425a9f049456f22767c6, -10000, -10000, 0x3be448de4cff49cfbce2230bd1cd2519, 0, NULL, '2019-04-06 22:04:01', 0, '2019-03-30 16:07:14', 3),
(0x02bff461e5de41c59b39100f113819de, -10000, -10000, 0x12a2d7e8eb9f4ef49040561bc7c678a2, 0, NULL, '2019-04-07 20:00:01', 0, '2019-03-30 17:21:31', 3),
(0x02cc0001c43946319cac6e0bf8e2f3eb, -10000, -10000, 0x3be448de4cff49cfbce2230bd1cd2519, 0, NULL, '2019-04-04 17:09:01', 0, '2019-03-30 16:07:14', 3),
(0x044818dcc9df4ed3ab2a054beb914a8f, -10000, -10000, 0x3be448de4cff49cfbce2230bd1cd2519, 0, NULL, '2019-04-07 10:04:00', 0, '2019-03-30 16:07:14', 3),
(0x04a1e6beec624a3e855139c9f08e764b, -10000, -10000, 0x485f4ff79bc14c6e927ba95a0c14f49a, 0, NULL, '2019-04-05 16:23:00', 0, '2019-04-01 13:23:20', 1),
(0x06f0743519fe42579ada72491e3a1538, -10000, -10000, 0x3be448de4cff49cfbce2230bd1cd2519, 0, NULL, '2019-04-06 17:09:01', 0, '2019-03-30 16:07:14', 3),
(0x078669d1fbb94b6ebb45b51f50d89acb, -10000, -10000, 0x3a06ff765d1b42e7ae7ac38c33ee1ac6, 0, NULL, '2019-04-03 20:00:01', 0, '2019-03-31 09:10:54', 3),
(0x07dfddf71f9a4065a3d54d1e5fd5cc38, -10000, -10000, 0x3be448de4cff49cfbce2230bd1cd2519, 0, NULL, '2019-04-04 22:04:01', 0, '2019-03-30 16:07:14', 3),
(0x08873584e3f8481ab50829b827e71bc9, -10000, -10000, 0x3be448de4cff49cfbce2230bd1cd2519, 0, NULL, '2019-04-05 22:04:01', 0, '2019-03-30 16:07:14', 3),
(0x093a90c35e59466ba3c4bcb60bcaa6f9, -10000, -10000, 0x3be448de4cff49cfbce2230bd1cd2519, 0, NULL, '2019-03-31 17:09:01', 0, '2019-03-30 16:07:14', 3),
(0x09813e2694554010888a93e84dd8705c, -10000, -10000, 0x3be448de4cff49cfbce2230bd1cd2519, 0, NULL, '2019-04-07 22:04:01', 0, '2019-03-30 16:07:14', 3),
(0x0cf494f2d255409ea231f120b671f8a4, -10000, -10000, 0x485f4ff79bc14c6e927ba95a0c14f49a, 0, NULL, '2019-04-06 16:23:00', 0, '2019-04-01 13:23:20', 1),
(0x0d0a15b8f5a347938f2edaff3c21d544, -10000, -10000, 0x3be448de4cff49cfbce2230bd1cd2519, 0, NULL, '2019-04-01 17:09:01', 0, '2019-03-30 16:07:14', 3),
(0x0d204b82c32e47af9caae59e94a25491, -10000, -10000, 0x3be448de4cff49cfbce2230bd1cd2519, 0, NULL, '2019-04-02 10:04:00', 0, '2019-03-30 16:07:14', 3),
(0x1087cea2ee454a0d81d59b0e2760d9b5, -10000, -10000, 0x3be448de4cff49cfbce2230bd1cd2519, 0, NULL, '2019-03-30 22:04:00', 0, '2019-03-30 16:07:14', 3),
(0x121d2c5005c14ecfa3bcf20779a12db3, -10000, -10000, 0x3a06ff765d1b42e7ae7ac38c33ee1ac6, 0, NULL, '2019-03-31 20:00:01', 0, '2019-03-31 09:10:54', 3),
(0x142f9d36c18e4d84981c3df5ec06d312, -10000, -10000, 0x3be448de4cff49cfbce2230bd1cd2519, 0, NULL, '2019-04-08 17:09:01', 0, '2019-03-30 16:07:14', 3),
(0x146b130c992246209ff26c340c42f8de, -10000, -10000, 0x485f4ff79bc14c6e927ba95a0c14f49a, 0, NULL, '2019-04-07 16:23:00', 0, '2019-04-01 13:23:20', 1),
(0x14d65e6096af401180d2c7af247b423b, -10000, -10000, 0x3be448de4cff49cfbce2230bd1cd2519, 0, NULL, '2019-04-03 22:04:00', 0, '2019-03-30 16:07:14', 3),
(0x1806417098074c29bedcf08c8b07aab8, -10000, -10000, 0x50c437cde3f8414a8eccaf6826ee4044, 0, NULL, '2019-04-07 20:00:01', 0, '2019-03-31 09:10:56', 3),
(0x18388aa77d4149e5a97b936efba2c782, -10000, -10000, 0x3be448de4cff49cfbce2230bd1cd2519, 0, NULL, '2019-04-07 05:09:00', 0, '2019-03-30 16:07:14', 3),
(0x1aa54ad3cba14c49a975e643bf3fb56e, -10000, -10000, 0x50c437cde3f8414a8eccaf6826ee4044, 0, NULL, '2019-04-02 20:00:01', 0, '2019-03-31 09:10:56', 3),
(0x1be22547ec6647258ffa575ff8920719, -10000, -10000, 0x3be448de4cff49cfbce2230bd1cd2519, 0, NULL, '2019-04-01 17:09:01', 0, '2019-03-30 16:07:14', 3),
(0x1c373a3158b840dca2ad109994439b9e, -10000, -10000, 0x3be448de4cff49cfbce2230bd1cd2519, 0, NULL, '2019-04-05 22:04:01', 0, '2019-03-30 16:07:14', 3),
(0x1c4ecf49317642fc941efea54e47ba02, -10000, -10000, 0x3be448de4cff49cfbce2230bd1cd2519, 0, NULL, '2019-03-31 05:09:00', 0, '2019-03-30 16:07:14', 3),
(0x1f84597eb9314c52ab6e58e5aae0c2a7, -10000, -10000, 0x3be448de4cff49cfbce2230bd1cd2519, 0, NULL, '2019-03-31 17:09:01', 0, '2019-03-30 16:07:14', 3),
(0x22114b7ea38e4d2cbba4ec3e95e6593e, -10000, -10000, 0x3be448de4cff49cfbce2230bd1cd2519, 0, NULL, '2019-04-03 17:09:01', 0, '2019-03-30 16:07:14', 3),
(0x24e18ec547184c919b23bd81f6b3540d, -10000, -10000, 0x3be448de4cff49cfbce2230bd1cd2519, 0, NULL, '2019-04-02 17:09:01', 0, '2019-03-30 16:07:14', 3),
(0x26ebdcfdb6c44a6b953932e05740f320, -10000, -10000, 0xf006de867e624c988e454fc7437670b1, 0, NULL, '2019-03-31 12:00:00', 0, '2019-03-31 09:10:52', 3),
(0x276a261dde904673a464e2491ed93be7, -10000, -10000, 0x3be448de4cff49cfbce2230bd1cd2519, 0, NULL, '2019-04-07 10:04:01', 0, '2019-03-30 16:07:14', 3),
(0x280cedadce404241b8d5eab58e776dce, -10000, -10000, 0x3be448de4cff49cfbce2230bd1cd2519, 0, NULL, '2019-04-04 17:09:01', 0, '2019-03-30 16:07:14', 3),
(0x290fce2ec085479596bda3780bcb3919, -10000, -10000, 0x3a06ff765d1b42e7ae7ac38c33ee1ac6, 0, NULL, '2019-04-02 20:00:01', 0, '2019-03-31 09:10:54', 3),
(0x2a9a611b1adb406a845f67bdaa90a0ad, -10000, -10000, 0x3a06ff765d1b42e7ae7ac38c33ee1ac6, 0, NULL, '2019-04-04 20:00:01', 0, '2019-03-31 09:10:54', 3),
(0x2d7dd80d29524a7ca6aad25273c78b6c, -10000, -10000, 0x12a2d7e8eb9f4ef49040561bc7c678a2, 0, NULL, '2019-03-31 20:00:01', 0, '2019-03-30 17:21:31', 3),
(0x2dcf115983e74bd39280e31df1c11cf1, -10000, -10000, 0x3be448de4cff49cfbce2230bd1cd2519, 0, NULL, '2019-04-06 05:09:00', 0, '2019-03-30 16:07:14', 3),
(0x30843d9f2dd84f12bb721841d331bc5c, -10000, -10000, 0x3be448de4cff49cfbce2230bd1cd2519, 0, NULL, '2019-03-31 10:04:00', 0, '2019-03-30 16:07:14', 3),
(0x3235eee11e994bdb8dab676ba4a66188, -10000, -10000, 0x3be448de4cff49cfbce2230bd1cd2519, 0, NULL, '2019-04-08 22:04:01', 0, '2019-03-30 16:07:14', 3),
(0x33ea8a10e59a400994f7f03db3b9a0dd, -10000, -10000, 0x3be448de4cff49cfbce2230bd1cd2519, 0, NULL, '2019-04-03 17:09:01', 0, '2019-03-30 16:07:14', 3),
(0x34d246be3e4b411899e04d512c7f4781, -10000, -10000, 0x3be448de4cff49cfbce2230bd1cd2519, 0, NULL, '2019-04-08 17:09:00', 0, '2019-03-30 16:07:14', 3),
(0x353d96c1b3674e79a9c4997392ed8984, -10000, -10000, 0x3be448de4cff49cfbce2230bd1cd2519, 0, NULL, '2019-03-31 22:04:01', 0, '2019-03-30 16:07:14', 3),
(0x354b8cd6fe0c4176b38e6b0a3cdd2eae, -10000, -10000, 0x3be448de4cff49cfbce2230bd1cd2519, 0, NULL, '2019-04-08 10:04:01', 0, '2019-03-30 16:07:14', 3),
(0x37353ba7e5814127add55e85234528af, -10000, -10000, 0x3be448de4cff49cfbce2230bd1cd2519, 0, NULL, '2019-04-05 22:04:01', 0, '2019-03-30 16:07:14', 3),
(0x3b68f606cf4c4e5b9cb8d6271d0864b3, -10000, -10000, 0x3be448de4cff49cfbce2230bd1cd2519, 0, NULL, '2019-04-06 22:04:01', 0, '2019-03-30 16:07:14', 3),
(0x3bc61cd62273425db1e8fa063ad56700, -10000, -10000, 0x12a2d7e8eb9f4ef49040561bc7c678a2, 0, NULL, '2019-04-06 20:00:01', 0, '2019-03-30 17:21:31', 3),
(0x3ca8746702a742e9b0d76d7cc8e635f8, -10000, -10000, 0xf006de867e624c988e454fc7437670b1, 0, NULL, '2019-04-03 12:00:00', 0, '2019-03-31 09:10:52', 3),
(0x3da9341c1dbe473e86b880940c0568ea, -10000, -10000, 0x50c437cde3f8414a8eccaf6826ee4044, 0, NULL, '2019-03-31 20:00:01', 0, '2019-03-31 09:10:56', 3),
(0x3e8550ef91434cd2b1ebdd460cb63dd8, -10000, -10000, 0x3be448de4cff49cfbce2230bd1cd2519, 0, NULL, '2019-03-31 22:04:00', 0, '2019-03-30 16:07:14', 3),
(0x3fa14eb7491b4cb8918e7c8e95c1924b, -10000, -10000, 0x3be448de4cff49cfbce2230bd1cd2519, 0, NULL, '2019-04-01 22:04:01', 0, '2019-03-30 16:07:14', 3),
(0x3fe860b82af24fe1a4b9dcac3f44bad5, -10000, -10000, 0x12a2d7e8eb9f4ef49040561bc7c678a2, 0, NULL, '2019-04-01 20:00:01', 0, '2019-03-30 17:21:31', 3),
(0x43469aeadd324e2eb48472d2935cfe3a, -10000, -10000, 0x3be448de4cff49cfbce2230bd1cd2519, 0, NULL, '2019-03-30 17:09:01', 0, '2019-03-30 16:07:14', 3),
(0x43aa704a569a43ea900e42ee01b201d7, -10000, -10000, 0x3be448de4cff49cfbce2230bd1cd2519, 0, NULL, '2019-04-01 05:09:00', 0, '2019-03-30 16:07:14', 3),
(0x4822e691b20b492bba96f9eb151e0352, -10000, -10000, 0x3be448de4cff49cfbce2230bd1cd2519, 0, NULL, '2019-04-01 10:04:00', 0, '2019-03-30 16:07:14', 3),
(0x48bdba9ab033488da6fb83bbd8dd967c, -10000, -10000, 0x3be448de4cff49cfbce2230bd1cd2519, 0, NULL, '2019-04-04 10:04:00', 0, '2019-03-30 16:07:14', 3),
(0x4bdf4f5e063b4b7baac41a8a99abe4c2, -10000, -10000, 0x50c437cde3f8414a8eccaf6826ee4044, 0, NULL, '2019-03-30 20:00:01', 0, '2019-03-31 09:10:56', 3),
(0x4c985468c7f74465ab7f81c4a05b991a, -10000, -10000, 0x3be448de4cff49cfbce2230bd1cd2519, 0, NULL, '2019-04-05 10:04:01', 0, '2019-03-30 16:07:14', 3),
(0x4eb6167ee65c456aaeba5ab492ab0e96, -10000, -10000, 0x3be448de4cff49cfbce2230bd1cd2519, 0, NULL, '2019-04-01 17:09:00', 0, '2019-03-30 16:07:14', 3),
(0x527142653cbf46859a5ff1956c2a72ea, -10000, -10000, 0x3be448de4cff49cfbce2230bd1cd2519, 0, NULL, '2019-04-05 17:09:01', 0, '2019-03-30 16:07:14', 3),
(0x52ea0d13ef4642a88fe4e30ff4d74a19, -10000, -10000, 0x3be448de4cff49cfbce2230bd1cd2519, 0, NULL, '2019-03-30 10:04:00', 0, '2019-03-30 16:07:14', 3),
(0x5406eb8a62924277991c831a6e130860, -10000, -10000, 0x12a2d7e8eb9f4ef49040561bc7c678a2, 0, NULL, '2019-04-03 20:00:01', 0, '2019-03-30 17:21:31', 3),
(0x571ef0d7dbf540948ac6442e41c0908b, -10000, -10000, 0x3be448de4cff49cfbce2230bd1cd2519, 0, NULL, '2019-04-05 17:09:01', 0, '2019-03-30 16:07:14', 3),
(0x5739c10c71ca4e289819564d556d7c58, -10000, -10000, 0x50c437cde3f8414a8eccaf6826ee4044, 0, NULL, '2019-04-06 20:00:01', 0, '2019-03-31 09:10:56', 3),
(0x58fa4053a5884e09a43d3f671f3fc73a, -10000, -10000, 0x3be448de4cff49cfbce2230bd1cd2519, 0, NULL, '2019-03-30 17:09:00', 0, '2019-03-30 16:07:14', 3),
(0x594b932bcddd4a65b1cffa3b2f7b8c6c, -10000, -10000, 0x12a2d7e8eb9f4ef49040561bc7c678a2, 0, NULL, '2019-04-02 20:00:01', 0, '2019-03-30 17:21:31', 3),
(0x5a78316855b14d3982ff5724b31479cd, -10000, -10000, 0x3be448de4cff49cfbce2230bd1cd2519, 0, NULL, '2019-04-07 22:04:01', 0, '2019-03-30 16:07:14', 3),
(0x5d1c0fa7a5734168aa4b6c8b6970eb0e, -10000, -10000, 0x3be448de4cff49cfbce2230bd1cd2519, 0, NULL, '2019-04-07 22:04:01', 0, '2019-03-30 16:07:14', 3),
(0x5e372382e44c446f935b28f86494249e, -10000, -10000, 0xf006de867e624c988e454fc7437670b1, 0, NULL, '2019-04-08 12:00:00', 0, '2019-03-31 09:10:52', 3),
(0x619b659b9b80420e8950a629c8fdfa98, -10000, -10000, 0x3be448de4cff49cfbce2230bd1cd2519, 0, NULL, '2019-03-31 17:09:01', 0, '2019-03-30 16:07:14', 3),
(0x62071f2f82e5407899df226389a2e987, -10000, -10000, 0x3be448de4cff49cfbce2230bd1cd2519, 0, NULL, '2019-04-08 22:04:01', 0, '2019-03-30 16:07:14', 3),
(0x625a7433674e4409b9f9c1c6f7fe1d49, -10000, -10000, 0x3be448de4cff49cfbce2230bd1cd2519, 0, NULL, '2019-04-03 10:04:00', 0, '2019-03-30 16:07:14', 3),
(0x63c88acc3ad4457abb911899740db381, -10000, -10000, 0x3be448de4cff49cfbce2230bd1cd2519, 0, NULL, '2019-04-04 17:09:01', 0, '2019-03-30 16:07:14', 3),
(0x648f3a28bb1c41fb8f12b46eea5ee983, -10000, -10000, 0x3a06ff765d1b42e7ae7ac38c33ee1ac6, 0, NULL, '2019-04-07 20:00:01', 0, '2019-03-31 09:10:54', 3),
(0x66659878bb394b21bfb338a9dab9b9ad, -10000, -10000, 0xf006de867e624c988e454fc7437670b1, 0, NULL, '2019-04-04 12:00:00', 0, '2019-03-31 09:10:52', 3),
(0x6ac94a59d48941d08154b1a545b871df, -10000, -10000, 0x3be448de4cff49cfbce2230bd1cd2519, 0, NULL, '2019-04-03 10:04:01', 0, '2019-03-30 16:07:14', 3),
(0x6b2825a614f6404a96f0234467c7a7c7, -10000, -10000, 0x3be448de4cff49cfbce2230bd1cd2519, 0, NULL, '2019-04-08 10:04:00', 0, '2019-03-30 16:07:14', 3),
(0x707b5cc4376344f49ddc5c3ae0377f95, -10000, -10000, 0x3be448de4cff49cfbce2230bd1cd2519, 0, NULL, '2019-04-01 10:04:01', 0, '2019-03-30 16:07:14', 3),
(0x712b523e9a164c849f3dfe42994f01ab, -10000, -10000, 0x50c437cde3f8414a8eccaf6826ee4044, 0, NULL, '2019-04-01 20:00:01', 0, '2019-03-31 09:10:56', 3),
(0x72f4410c91754080a4d9e4755e887a47, -10000, -10000, 0x3be448de4cff49cfbce2230bd1cd2519, 0, NULL, '2019-04-04 22:04:01', 0, '2019-03-30 16:07:14', 3),
(0x73163fe6f6334f54ba86c8f420c68f47, -10000, -10000, 0x3be448de4cff49cfbce2230bd1cd2519, 0, NULL, '2019-04-02 17:09:01', 0, '2019-03-30 16:07:14', 3),
(0x7422e9b289814075b5275c8c1e35d03a, -10000, -10000, 0x3be448de4cff49cfbce2230bd1cd2519, 0, NULL, '2019-04-04 17:09:01', 0, '2019-03-30 16:07:14', 3),
(0x74350280be7b4294a5f0b2e16080a8b1, -10000, -10000, 0x3be448de4cff49cfbce2230bd1cd2519, 0, NULL, '2019-04-02 22:04:01', 0, '2019-03-30 16:07:14', 3),
(0x76202a0a0a6e43d2a9ec58de187b74e2, -10000, -10000, 0x3be448de4cff49cfbce2230bd1cd2519, 0, NULL, '2019-03-30 05:09:00', 0, '2019-03-30 16:07:14', 3),
(0x765d74554522417b9196f88c15363504, -10000, -10000, 0x3be448de4cff49cfbce2230bd1cd2519, 0, NULL, '2019-04-08 22:04:01', 0, '2019-03-30 16:07:14', 3),
(0x769534c1bedb4d4eb794ff06ed18a78e, -10000, -10000, 0x3be448de4cff49cfbce2230bd1cd2519, 0, NULL, '2019-03-30 22:04:01', 0, '2019-03-30 16:07:14', 3),
(0x7a6c4a3d693d4e2893360b6f38be191a, -10000, -10000, 0x3be448de4cff49cfbce2230bd1cd2519, 0, NULL, '2019-04-08 05:09:00', 0, '2019-03-30 16:07:14', 3),
(0x7aac9cb198ae4c11bb663d9b5572be62, -10000, -10000, 0x3be448de4cff49cfbce2230bd1cd2519, 0, NULL, '2019-04-02 17:09:00', 0, '2019-03-30 16:07:14', 3),
(0x7b5a0a646498445fac893d9f4da46be6, 45, 78, 0x2045ddd1240848c7b2cb50a7004e53b9, 1, NULL, '2019-04-01 22:13:12', 1, '2019-04-01 19:13:12', 2),
(0x7cf3ba2261fc46c38f59c61cdb203044, -10000, -10000, 0x50c437cde3f8414a8eccaf6826ee4044, 0, NULL, '2019-04-04 20:00:01', 0, '2019-03-31 09:10:56', 3),
(0x81ed1d02ad47485a9a353b0c6d8cee89, -10000, -10000, 0x3be448de4cff49cfbce2230bd1cd2519, 0, NULL, '2019-03-31 17:09:00', 0, '2019-03-30 16:07:14', 3),
(0x81f840079f244ca197d5c023288750fb, -10000, -10000, 0x3be448de4cff49cfbce2230bd1cd2519, 0, NULL, '2019-04-08 17:09:01', 0, '2019-03-30 16:07:14', 3),
(0x83e0b1560d2446f8a61bf90bdc4ca870, -10000, -10000, 0x3be448de4cff49cfbce2230bd1cd2519, 0, NULL, '2019-04-05 22:04:00', 0, '2019-03-30 16:07:14', 3),
(0x858c4aa7aa0c4de5a529ff808cca8309, -10000, -10000, 0x485f4ff79bc14c6e927ba95a0c14f49a, 0, NULL, '2019-04-02 16:23:00', 0, '2019-04-01 13:23:20', 1),
(0x8594ea5cf0cb4225899aa98f741ff6c4, 45, -10000, 0x485f4ff79bc14c6e927ba95a0c14f49a, 0, NULL, '2019-04-01 17:56:44', 0, '2019-04-01 14:56:45', 2),
(0x87619580f4ff41a6b07778e519e65cc8, -10000, -10000, 0x3be448de4cff49cfbce2230bd1cd2519, 0, NULL, '2019-03-31 22:04:01', 0, '2019-03-30 16:07:14', 3),
(0x8b7837fd40f0449190e843d1a04f42c2, -10000, -10000, 0xf006de867e624c988e454fc7437670b1, 0, NULL, '2019-04-07 12:00:00', 0, '2019-03-31 09:10:52', 3),
(0x8c2dea764d394a9f8dab32f7344b6189, -10000, -10000, 0x3be448de4cff49cfbce2230bd1cd2519, 0, NULL, '2019-03-30 17:09:01', 0, '2019-03-30 16:07:14', 3),
(0x8c4c9141a92345efbe917924a8c56b44, -10000, -10000, 0x3be448de4cff49cfbce2230bd1cd2519, 0, NULL, '2019-04-06 22:04:01', 0, '2019-03-30 16:07:14', 3),
(0x8c7b34f37a554e38ad9c25ccd0d5728e, -10000, -10000, 0x3be448de4cff49cfbce2230bd1cd2519, 0, NULL, '2019-04-02 22:04:01', 0, '2019-03-30 16:07:14', 3),
(0x8cd66b668820449a9f855611d9e77a18, 12, 84, 0xc0e9478f16f444528fe2375bdb7f1669, 1, NULL, '2019-03-31 12:58:57', 1, '2019-03-31 09:58:57', 2),
(0x8f5b88d2f5114c708b74ed87c63b1e46, -10000, -10000, 0x3be448de4cff49cfbce2230bd1cd2519, 0, NULL, '2019-04-02 22:04:01', 0, '2019-03-30 16:07:14', 3),
(0x90b3b878d3114efdab0383678e540e9f, -10000, -10000, 0x3be448de4cff49cfbce2230bd1cd2519, 0, NULL, '2019-04-01 17:09:01', 0, '2019-03-30 16:07:14', 3),
(0x91ac2ff3c56f40d8a3c52dd82aa41884, -10000, -10000, 0x3be448de4cff49cfbce2230bd1cd2519, 0, NULL, '2019-04-02 17:09:01', 0, '2019-03-30 16:07:14', 3),
(0x94394588e7d54d379eab8b63445a7946, -10000, -10000, 0x3be448de4cff49cfbce2230bd1cd2519, 0, NULL, '2019-04-03 17:09:01', 0, '2019-03-30 16:07:14', 3),
(0x94c66b82b7bb45b4b9d3c45e627f74dc, -10000, -10000, 0x3a06ff765d1b42e7ae7ac38c33ee1ac6, 0, NULL, '2019-04-05 20:00:01', 0, '2019-03-31 09:10:54', 3),
(0x97bd098199c14d8cb2e8899fe99c2f79, -10000, -10000, 0x3be448de4cff49cfbce2230bd1cd2519, 0, NULL, '2019-04-03 22:04:01', 0, '2019-03-30 16:07:14', 3),
(0x97d924a1602f466185bf5a12af79140c, -10000, -10000, 0x3be448de4cff49cfbce2230bd1cd2519, 0, NULL, '2019-04-06 17:09:01', 0, '2019-03-30 16:07:14', 3),
(0x9806a36183314fb6850e006049f4e9fd, -10000, -10000, 0x3be448de4cff49cfbce2230bd1cd2519, 0, NULL, '2019-04-07 17:09:01', 0, '2019-03-30 16:07:14', 3),
(0x99822a800a024be9aecff8cb62f5c3c6, -10000, -10000, 0x3be448de4cff49cfbce2230bd1cd2519, 0, NULL, '2019-03-30 22:04:01', 0, '2019-03-30 16:07:14', 3),
(0x99bd4d8e479c440789e39fac7fec285f, -10000, -10000, 0x3be448de4cff49cfbce2230bd1cd2519, 0, NULL, '2019-04-06 22:04:00', 0, '2019-03-30 16:07:14', 3),
(0x9a36983436c6405db682197ce8330831, -10000, -10000, 0x3be448de4cff49cfbce2230bd1cd2519, 0, NULL, '2019-04-01 22:04:01', 0, '2019-03-30 16:07:14', 3),
(0x9ad3f764f225417592f701fe24fb6f8b, -10000, -10000, 0x3be448de4cff49cfbce2230bd1cd2519, 0, NULL, '2019-04-02 17:09:01', 0, '2019-03-30 16:07:14', 3),
(0x9cfe8adcb9284e19b07e9160cdcc0b1c, -10000, -10000, 0x3be448de4cff49cfbce2230bd1cd2519, 0, NULL, '2019-04-06 10:04:01', 0, '2019-03-30 16:07:14', 3),
(0x9d248e4c4a494c6b8ca9ae7ed98dcb46, -10000, -10000, 0x3be448de4cff49cfbce2230bd1cd2519, 0, NULL, '2019-04-08 17:09:01', 0, '2019-03-30 16:07:14', 3),
(0xa04adbdba496426bb34ba750d6597aec, -10000, -10000, 0x485f4ff79bc14c6e927ba95a0c14f49a, 0, NULL, '2019-04-10 16:23:00', 0, '2019-04-01 13:23:20', 1),
(0xa0e99268725348c3baa0e09ff86ff831, -10000, -10000, 0x3be448de4cff49cfbce2230bd1cd2519, 0, NULL, '2019-04-07 22:04:00', 0, '2019-03-30 16:07:14', 3),
(0xa2c6f05c9cd745fdbdf648d37784bad8, -10000, -10000, 0x485f4ff79bc14c6e927ba95a0c14f49a, 0, NULL, '2019-04-08 16:23:00', 0, '2019-04-01 13:23:20', 1),
(0xa2e48501d4ad47e2a21ca423198f3928, -10000, -10000, 0x3be448de4cff49cfbce2230bd1cd2519, 0, NULL, '2019-04-06 17:09:00', 0, '2019-03-30 16:07:14', 3),
(0xa4e4fc89653b4e0d9d0f29e4cafc909e, -10000, -10000, 0xf006de867e624c988e454fc7437670b1, 0, NULL, '2019-04-09 12:00:00', 0, '2019-03-31 09:10:52', 3),
(0xa5d4d62e89b449ecb520f34c5ea8c60b, -10000, -10000, 0x12a2d7e8eb9f4ef49040561bc7c678a2, 0, NULL, '2019-03-30 20:00:01', 0, '2019-03-30 17:21:31', 3),
(0xa7f6b9254f114022bf36b5c3a284d09d, -10000, -10000, 0x3be448de4cff49cfbce2230bd1cd2519, 0, NULL, '2019-04-02 22:04:01', 0, '2019-03-30 16:07:14', 3),
(0xa92bac24c6854748b5c1cc653d3749ee, -10000, -10000, 0x3be448de4cff49cfbce2230bd1cd2519, 0, NULL, '2019-04-06 10:04:00', 0, '2019-03-30 16:07:14', 3),
(0xaa2b72dc278b4ee381a6631f12a62f57, -10000, -10000, 0x3be448de4cff49cfbce2230bd1cd2519, 0, NULL, '2019-03-31 22:04:01', 0, '2019-03-30 16:07:14', 3),
(0xaa47281c69754154a1b4653ffb2ac3f9, -10000, -10000, 0x485f4ff79bc14c6e927ba95a0c14f49a, 0, NULL, '2019-04-04 16:23:00', 0, '2019-04-01 13:23:20', 1),
(0xb1211471e66c408da11fc5c0c77b5add, -10000, -10000, 0x3be448de4cff49cfbce2230bd1cd2519, 0, NULL, '2019-03-31 17:09:01', 0, '2019-03-30 16:07:14', 3),
(0xb1c398f552564616876f001733edaa1a, -10000, -10000, 0x3be448de4cff49cfbce2230bd1cd2519, 0, NULL, '2019-04-02 05:09:00', 0, '2019-03-30 16:07:14', 3),
(0xb3242ee8f34e4b16aadf661e538f790b, -10000, -10000, 0x3be448de4cff49cfbce2230bd1cd2519, 0, NULL, '2019-04-03 17:09:01', 0, '2019-03-30 16:07:14', 3),
(0xb32479c9a7a840ee87af796c3fc73562, -10000, -10000, 0x3be448de4cff49cfbce2230bd1cd2519, 0, NULL, '2019-04-03 22:04:01', 0, '2019-03-30 16:07:14', 3),
(0xb3a2532fe2c444b1b6e7c275e5c28672, -10000, -10000, 0x3be448de4cff49cfbce2230bd1cd2519, 0, NULL, '2019-04-08 22:04:01', 0, '2019-03-30 16:07:14', 3),
(0xb45f665c9d6f48e2918edeb1285eaa9c, -10000, -10000, 0x3be448de4cff49cfbce2230bd1cd2519, 0, NULL, '2019-03-31 17:09:01', 0, '2019-03-30 16:07:14', 3),
(0xb85f01dbe7404bc98c24f6583ac15b2f, -10000, -10000, 0x3a06ff765d1b42e7ae7ac38c33ee1ac6, 0, NULL, '2019-04-08 20:00:01', 0, '2019-03-31 09:10:54', 3),
(0xb98da77619854842ba81a323e2140d0d, -10000, -10000, 0x3be448de4cff49cfbce2230bd1cd2519, 0, NULL, '2019-03-30 17:09:01', 0, '2019-03-30 16:07:14', 3),
(0xba0de257375b4f74b6cd0fcf9e69ddde, -10000, -10000, 0xf006de867e624c988e454fc7437670b1, 0, NULL, '2019-04-01 12:00:00', 0, '2019-03-31 09:10:52', 3),
(0xba1db9ad9fae4c87b2a459ae1094d701, -10000, -10000, 0x12a2d7e8eb9f4ef49040561bc7c678a2, 0, NULL, '2019-04-08 20:00:01', 0, '2019-03-30 17:21:31', 3),
(0xbac4b2f67a93493da510fa231d3cc3e4, -10000, -10000, 0x3be448de4cff49cfbce2230bd1cd2519, 0, NULL, '2019-04-05 10:04:00', 0, '2019-03-30 16:07:14', 3),
(0xbb834a9e3902474cba64838a1d0ad924, -10000, -10000, 0x3be448de4cff49cfbce2230bd1cd2519, 0, NULL, '2019-04-07 17:09:01', 0, '2019-03-30 16:07:14', 3),
(0xbd857ebb29fe4ed9a52935247ea750c5, -10000, -10000, 0x50c437cde3f8414a8eccaf6826ee4044, 0, NULL, '2019-04-03 20:00:01', 0, '2019-03-31 09:10:56', 3),
(0xbefc4fdb3ddb4e4bbb7400a23c7a9b91, -10000, -10000, 0x3be448de4cff49cfbce2230bd1cd2519, 0, NULL, '2019-04-01 22:04:01', 0, '2019-03-30 16:07:14', 3),
(0xbf9f65394a404f7bbfe034e78f841704, -10000, -10000, 0x3be448de4cff49cfbce2230bd1cd2519, 0, NULL, '2019-04-05 17:09:00', 0, '2019-03-30 16:07:14', 3),
(0xc02f518f14af4549be07d27654ad6a5b, -10000, -10000, 0x50c437cde3f8414a8eccaf6826ee4044, 0, NULL, '2019-04-08 20:00:01', 0, '2019-03-31 09:10:56', 3),
(0xc1b05d769b7245218d39f8969d2ab52f, -10000, -10000, 0x3be448de4cff49cfbce2230bd1cd2519, 0, NULL, '2019-04-06 17:09:01', 0, '2019-03-30 16:07:14', 3),
(0xc27b2c3f8e5e4f9483014aaba993fc3d, -10000, -10000, 0x3be448de4cff49cfbce2230bd1cd2519, 0, NULL, '2019-04-06 17:09:01', 0, '2019-03-30 16:07:14', 3),
(0xc27ccb9a29904d50b8588b5b754a1095, -10000, -10000, 0x3be448de4cff49cfbce2230bd1cd2519, 0, NULL, '2019-03-30 17:09:01', 0, '2019-03-30 16:07:14', 3),
(0xc76c1a2b6f1444cf9e6c44cc8df52e28, -10000, -10000, 0x3be448de4cff49cfbce2230bd1cd2519, 0, NULL, '2019-04-03 22:04:01', 0, '2019-03-30 16:07:14', 3),
(0xc915af97d8df4b3db834430aa5d928c3, -10000, -10000, 0x3be448de4cff49cfbce2230bd1cd2519, 0, NULL, '2019-04-05 05:09:00', 0, '2019-03-30 16:07:14', 3),
(0xca79aef0744f4de28274194102ec7f21, -10000, -10000, 0x3be448de4cff49cfbce2230bd1cd2519, 0, NULL, '2019-04-02 10:04:01', 0, '2019-03-30 16:07:14', 3),
(0xce81e248ab4c49bea6968f4bbdb9d32d, -10000, -10000, 0x3be448de4cff49cfbce2230bd1cd2519, 0, NULL, '2019-04-05 22:04:01', 0, '2019-03-30 16:07:14', 3),
(0xd0aa64d618804909bf6662c3b6d69723, -10000, -10000, 0x3be448de4cff49cfbce2230bd1cd2519, 0, NULL, '2019-04-03 22:04:01', 0, '2019-03-30 16:07:14', 3),
(0xd1327ebf34bc46128f0aac5b297bbe73, -10000, -10000, 0x3be448de4cff49cfbce2230bd1cd2519, 0, NULL, '2019-03-30 17:09:01', 0, '2019-03-30 16:07:14', 3),
(0xd1dd98e585034900b942ed2fb59fcd09, -10000, -10000, 0x485f4ff79bc14c6e927ba95a0c14f49a, 0, NULL, '2019-04-03 16:23:00', 0, '2019-04-01 13:23:20', 1),
(0xd2c9f51b42d844d09aec8ad35822f945, -10000, -10000, 0x3be448de4cff49cfbce2230bd1cd2519, 0, NULL, '2019-04-07 17:09:01', 0, '2019-03-30 16:07:14', 3),
(0xd31c197136e34a89ac66731a02c19337, -10000, -10000, 0x3be448de4cff49cfbce2230bd1cd2519, 0, NULL, '2019-04-02 17:09:01', 0, '2019-03-30 16:07:14', 3),
(0xd39c5af4797949dcaa63e4497b8bba68, -10000, -10000, 0x3be448de4cff49cfbce2230bd1cd2519, 0, NULL, '2019-04-04 05:09:00', 0, '2019-03-30 16:07:14', 3),
(0xd4a1bf38d74a46e7bb1576d0d2333415, -10000, -10000, 0x3be448de4cff49cfbce2230bd1cd2519, 0, NULL, '2019-04-07 17:09:01', 0, '2019-03-30 16:07:14', 3),
(0xd4e6938c0c77497380e422b08b929409, -10000, -10000, 0x3be448de4cff49cfbce2230bd1cd2519, 0, NULL, '2019-04-04 10:04:01', 0, '2019-03-30 16:07:14', 3),
(0xd58e2c057c6d48fa81c0278a01d574f3, -10000, -10000, 0x3be448de4cff49cfbce2230bd1cd2519, 0, NULL, '2019-04-08 17:09:01', 0, '2019-03-30 16:07:14', 3),
(0xd7be5629672b40d88cd10f207ee8cdf7, -10000, -10000, 0x3be448de4cff49cfbce2230bd1cd2519, 0, NULL, '2019-03-30 22:04:01', 0, '2019-03-30 16:07:14', 3),
(0xd9b2ab05356d4a0ea6c59f89f0a6a433, -10000, -10000, 0x3be448de4cff49cfbce2230bd1cd2519, 0, NULL, '2019-04-07 22:04:01', 0, '2019-03-30 16:07:14', 3),
(0xdb7a9ce64c0f467989faa076bfd688d0, -10000, -10000, 0x12a2d7e8eb9f4ef49040561bc7c678a2, 0, NULL, '2019-04-05 20:00:01', 0, '2019-03-30 17:21:31', 3),
(0xdcbc3b10ee664ba1bdb6648c63dab020, -10000, -10000, 0x3be448de4cff49cfbce2230bd1cd2519, 0, NULL, '2019-04-01 17:09:01', 0, '2019-03-30 16:07:14', 3),
(0xdd5de8e550734f959ae14776c27bfec9, -10000, -10000, 0x12a2d7e8eb9f4ef49040561bc7c678a2, 0, NULL, '2019-04-04 20:00:01', 0, '2019-03-30 17:21:31', 3),
(0xdec087abb4324c408658bcd49bd85530, -10000, -10000, 0x485f4ff79bc14c6e927ba95a0c14f49a, 0, NULL, '2019-04-09 16:23:00', 0, '2019-04-01 13:23:20', 1),
(0xdecfc29bd3e24605b826da3fc4e0ea3d, -10000, -10000, 0x3be448de4cff49cfbce2230bd1cd2519, 0, NULL, '2019-04-03 17:09:01', 0, '2019-03-30 16:07:14', 3),
(0xdee71e10eaba4658914f421ea65578a3, -10000, -10000, 0x3be448de4cff49cfbce2230bd1cd2519, 0, NULL, '2019-04-01 22:04:01', 0, '2019-03-30 16:07:14', 3),
(0xdf12563812bc402a88a60831e15e8c4a, -10000, -10000, 0x3be448de4cff49cfbce2230bd1cd2519, 0, NULL, '2019-04-05 17:09:01', 0, '2019-03-30 16:07:14', 3),
(0xe37b36c8f9cf4650bfdf3394536c2a66, -10000, -10000, 0x3be448de4cff49cfbce2230bd1cd2519, 0, NULL, '2019-04-06 22:04:01', 0, '2019-03-30 16:07:14', 3),
(0xe43f893e31a04cc8bcf85dd503f202b6, -10000, -10000, 0x3be448de4cff49cfbce2230bd1cd2519, 0, NULL, '2019-04-02 22:04:00', 0, '2019-03-30 16:07:14', 3),
(0xe60edfcf3e264167819e0e2bfeb1a272, -10000, -10000, 0x3be448de4cff49cfbce2230bd1cd2519, 0, NULL, '2019-04-07 17:09:01', 0, '2019-03-30 16:07:14', 3),
(0xe6e8e1215b3f42a78fff244bccc87de8, -10000, -10000, 0x3be448de4cff49cfbce2230bd1cd2519, 0, NULL, '2019-04-01 17:09:01', 0, '2019-03-30 16:07:14', 3),
(0xe914052ab4bc47f3946d4af8aafc831f, -10000, -10000, 0xf006de867e624c988e454fc7437670b1, 0, NULL, '2019-04-06 12:00:00', 0, '2019-03-31 09:10:52', 3),
(0xea447e2ff3544ce1b4b02046fc2a5813, -10000, -10000, 0x50c437cde3f8414a8eccaf6826ee4044, 0, NULL, '2019-04-05 20:00:01', 0, '2019-03-31 09:10:56', 3),
(0xeaded5eb958f40a8a83c1b07a50ef7da, -10000, -10000, 0x3be448de4cff49cfbce2230bd1cd2519, 0, NULL, '2019-04-04 17:09:00', 0, '2019-03-30 16:07:14', 3),
(0xeaed3092905d452cba2ed91f1613e0eb, -10000, -10000, 0x3be448de4cff49cfbce2230bd1cd2519, 0, NULL, '2019-04-04 22:04:01', 0, '2019-03-30 16:07:14', 3),
(0xec3a1082fceb4d4e8a1c92258ba08959, -10000, -10000, 0x3a06ff765d1b42e7ae7ac38c33ee1ac6, 0, NULL, '2019-03-30 20:00:01', 0, '2019-03-31 09:10:54', 3),
(0xed0a8116727e4161a4fac2fa62694264, -10000, -10000, 0x3be448de4cff49cfbce2230bd1cd2519, 0, NULL, '2019-03-30 10:04:01', 0, '2019-03-30 16:07:14', 3),
(0xee44019f74fa4defa665fcdabb4c0f29, -10000, -10000, 0x3be448de4cff49cfbce2230bd1cd2519, 0, NULL, '2019-03-31 10:04:01', 0, '2019-03-30 16:07:14', 3),
(0xef8bdd7648e94870812b4755ee5f2322, -10000, -10000, 0x3be448de4cff49cfbce2230bd1cd2519, 0, NULL, '2019-04-04 17:09:01', 0, '2019-03-30 16:07:14', 3),
(0xf0aa0b2a3da849e7ac859a629bea22ec, -10000, -10000, 0x3be448de4cff49cfbce2230bd1cd2519, 0, NULL, '2019-04-08 22:04:00', 0, '2019-03-30 16:07:14', 3),
(0xf1fdcb14d4904f499f98b47056e76c96, -10000, -10000, 0x3be448de4cff49cfbce2230bd1cd2519, 0, NULL, '2019-04-08 17:09:01', 0, '2019-03-30 16:07:14', 3),
(0xf30c8357fc954e88983cc0bd604170c1, -10000, -10000, 0x3be448de4cff49cfbce2230bd1cd2519, 0, NULL, '2019-04-05 17:09:01', 0, '2019-03-30 16:07:14', 3),
(0xf365e4cbc0c6404f82c504681a755284, -10000, -10000, 0x3be448de4cff49cfbce2230bd1cd2519, 0, NULL, '2019-04-06 17:09:01', 0, '2019-03-30 16:07:14', 3),
(0xf4a287746ac7431188d626799a82366e, -10000, -10000, 0x3a06ff765d1b42e7ae7ac38c33ee1ac6, 0, NULL, '2019-04-06 20:00:01', 0, '2019-03-31 09:10:54', 3),
(0xf5c9707315e746cfa14a944ce6cfe6e3, -10000, -10000, 0x3be448de4cff49cfbce2230bd1cd2519, 0, NULL, '2019-04-01 22:04:00', 0, '2019-03-30 16:07:14', 3),
(0xf61c1fb4c77e4cf4a2252d4746dc0746, -10000, -10000, 0x3be448de4cff49cfbce2230bd1cd2519, 0, NULL, '2019-03-30 22:04:01', 0, '2019-03-30 16:07:14', 3),
(0xf6e7d49f287b4fde9f060eb1cc800eea, -10000, -10000, 0x3be448de4cff49cfbce2230bd1cd2519, 0, NULL, '2019-04-05 17:09:01', 0, '2019-03-30 16:07:14', 3),
(0xf9f9e97c3e3543d683593c8d52ba4404, -10000, -10000, 0x3be448de4cff49cfbce2230bd1cd2519, 0, NULL, '2019-04-07 17:09:00', 0, '2019-03-30 16:07:14', 3),
(0xfae3a4f20cc64db1a0f42cb336accaf5, -10000, -10000, 0x3be448de4cff49cfbce2230bd1cd2519, 0, NULL, '2019-03-31 22:04:01', 0, '2019-03-30 16:07:14', 3),
(0xfb447d8b2d82495290b7dfa3ff588638, -10000, -10000, 0x3be448de4cff49cfbce2230bd1cd2519, 0, NULL, '2019-04-04 22:04:01', 0, '2019-03-30 16:07:14', 3),
(0xfb67d3fe39484c4bae38db2226ecab61, -10000, -10000, 0x3be448de4cff49cfbce2230bd1cd2519, 0, NULL, '2019-04-03 17:09:00', 0, '2019-03-30 16:07:14', 3),
(0xfb684c50ebc94f45808f34caefc40a18, -10000, -10000, 0x3be448de4cff49cfbce2230bd1cd2519, 0, NULL, '2019-04-03 05:09:00', 0, '2019-03-30 16:07:14', 3),
(0xfcd9396b8dee4e03b5628d29ad39ede0, -10000, -10000, 0xf006de867e624c988e454fc7437670b1, 0, NULL, '2019-04-02 12:00:00', 0, '2019-03-31 09:10:52', 3);

-- --------------------------------------------------------

--
-- Структура таблицы `measurement_type`
--

CREATE TABLE `measurement_type` (
  `_id_measurement_type` int(11) NOT NULL,
  `type_name` varchar(50) NOT NULL,
  `_id_measur_value_type` int(11) NOT NULL,
  `standard_min_value` double NOT NULL,
  `standard_max_value` double NOT NULL
) ENGINE=InnoDB DEFAULT CHARSET=utf8;

--
-- Дамп данных таблицы `measurement_type`
--

INSERT INTO `measurement_type` (`_id_measurement_type`, `type_name`, `_id_measur_value_type`, `standard_min_value`, `standard_max_value`) VALUES
(1, 'Температура', 1, 36.3, 36.9),
(2, 'Давление', 2, 80, 120);

-- --------------------------------------------------------

--
-- Структура таблицы `measurement_value_type`
--

CREATE TABLE `measurement_value_type` (
  `_id_measur_value_type` int(11) NOT NULL,
  `type_value_name` varchar(50) NOT NULL
) ENGINE=InnoDB DEFAULT CHARSET=utf8;

--
-- Дамп данных таблицы `measurement_value_type`
--

INSERT INTO `measurement_value_type` (`_id_measur_value_type`, `type_value_name`) VALUES
(1, '°C'),
(2, 'мм рт. ст.');

-- --------------------------------------------------------

--
-- Структура таблицы `pill`
--

CREATE TABLE `pill` (
  `_id_pill` binary(16) NOT NULL,
  `pill_name` varchar(50) NOT NULL,
  `pill_description` text,
  `synch_time` timestamp NOT NULL,
  `change_type` int(11) NOT NULL
) ENGINE=InnoDB DEFAULT CHARSET=utf8;

--
-- Дамп данных таблицы `pill`
--

INSERT INTO `pill` (`_id_pill`, `pill_name`, `pill_description`, `synch_time`, `change_type`) VALUES
(0x05921088fc1746f9b8abdab19f6a8a6f, 'ffff', '', '2019-03-30 16:01:25', 1),
(0x071daebadd4846179d08ce30be0f0590, 'таб2', '', '2019-03-29 13:08:03', 1),
(0x2fa069b0a7ed4b48a8991fb3935bc9b4, 'io', '', '2019-04-01 19:11:37', 1),
(0x48256ae84bf148cba03723114f9a557d, 'tab8', '', '2019-04-01 06:34:35', 1),
(0xbcc51b6a58774d7fabd2d35c50c2dab0, '10', '', '2019-04-01 14:37:58', 1),
(0xbe415fa26e524d158b81db2aa6c10bfc, 'tab7', '', '2019-04-01 06:34:14', 1),
(0xfde9ed183c62460a9f55a5391cd83261, 'tytr', '', '2019-03-31 09:53:54', 1),
(0xfff360d59414431588f90619cadbeb77, 'tab7', '', '2019-04-01 14:52:44', 1);

-- --------------------------------------------------------

--
-- Структура таблицы `pill_count_type`
--

CREATE TABLE `pill_count_type` (
  `_id_pill_count_type` int(11) NOT NULL,
  `type_name` varchar(50) NOT NULL
) ENGINE=InnoDB DEFAULT CHARSET=utf8;

--
-- Дамп данных таблицы `pill_count_type`
--

INSERT INTO `pill_count_type` (`_id_pill_count_type`, `type_name`) VALUES
(1, 'шт'),
(2, 'капли'),
(3, 'мг'),
(4, 'гр'),
(5, 'мл');

-- --------------------------------------------------------

--
-- Структура таблицы `pill_reminder`
--

CREATE TABLE `pill_reminder` (
  `_id_pill_reminder` binary(16) NOT NULL,
  `_id_pill` binary(16) NOT NULL,
  `pill_count` int(11) NOT NULL,
  `_id_pill_count_type` int(11) NOT NULL,
  `start_date` date NOT NULL,
  `_id_cycle` binary(16) DEFAULT NULL,
  `_id_having_meals_type` int(11) DEFAULT NULL,
  `having_meals_time` int(11) DEFAULT NULL,
  `annotation` text,
  `is_active` int(11) NOT NULL,
  `times_a_day` int(11) NOT NULL,
  `is_one_time` int(11) DEFAULT NULL,
  `user_id` int(11) NOT NULL,
  `synch_time` timestamp NOT NULL,
  `change_type` int(11) NOT NULL
) ENGINE=InnoDB DEFAULT CHARSET=utf8;

--
-- Дамп данных таблицы `pill_reminder`
--

INSERT INTO `pill_reminder` (`_id_pill_reminder`, `_id_pill`, `pill_count`, `_id_pill_count_type`, `start_date`, `_id_cycle`, `_id_having_meals_type`, `having_meals_time`, `annotation`, `is_active`, `times_a_day`, `is_one_time`, `user_id`, `synch_time`, `change_type`) VALUES
(0x032b3d672d874b27945e0079de5eb8e8, 0xbcc51b6a58774d7fabd2d35c50c2dab0, 1, 1, '2019-04-01', 0x7f433eeaffcc43f4b566925c159a6259, NULL, NULL, '', 1, 1, 0, 43, '2019-04-01 14:37:58', 1),
(0x3d3497796c1f4e0d839b3e447e8aa1f2, 0x071daebadd4846179d08ce30be0f0590, 1, 4, '2019-03-29', 0x8040286f98b746dcb9bd91aaef5a4e15, NULL, NULL, '131313', 1, 2, 0, 43, '2019-03-29 17:16:22', 3),
(0x4c26f4b02a9740f2b81102b90dff1df0, 0xbe415fa26e524d158b81db2aa6c10bfc, 10, 5, '2019-04-01', 0xc2b05ba1f33f4e4981725447a793fdf3, 1, -12, '', 1, 1, 0, 43, '2019-04-01 06:43:43', 2),
(0x510cd233f03b4c588d450ca2226d059a, 0x05921088fc1746f9b8abdab19f6a8a6f, 1, 1, '2019-03-30', 0x71c135feea5746c199de75964452ccfc, NULL, NULL, '', 1, 1, 0, 43, '2019-03-30 16:02:53', 3),
(0x6ca58191f37a4bbc8efe84a20da28804, 0xfff360d59414431588f90619cadbeb77, 10, 5, '2019-04-01', NULL, 1, -10, NULL, 1, 1, 1, 43, '2019-04-01 14:52:44', 1),
(0xa5def5b7ab444530879a4877a817ab9f, 0x48256ae84bf148cba03723114f9a557d, 16, 3, '2019-04-01', 0xc2c44d1e3a464489aef927166917bf20, 2, NULL, '', 1, 1, 0, 43, '2019-04-01 06:34:35', 1),
(0xbf80e63bbb4045309fe305b208d2178c, 0xfde9ed183c62460a9f55a5391cd83261, 1, 1, '2019-03-31', 0xdcb946659fa647e5a77db918e9a2befe, NULL, NULL, '', 1, 1, 0, 43, '2019-03-31 09:59:51', 3),
(0xdbdd6cb2f8d24a4d86f8f0305b66b8f7, 0x2fa069b0a7ed4b48a8991fb3935bc9b4, 8, 5, '2019-04-01', NULL, NULL, NULL, NULL, 1, 1, 1, 43, '2019-04-01 19:11:37', 1);

-- --------------------------------------------------------

--
-- Структура таблицы `pill_reminder_entry`
--

CREATE TABLE `pill_reminder_entry` (
  `_id_pill_reminder_entry` binary(16) NOT NULL,
  `is_done` int(11) NOT NULL,
  `reminder_date` datetime NOT NULL,
  `_id_pill_reminder` binary(16) NOT NULL,
  `is_one_time` int(11) DEFAULT NULL,
  `reminder_time` time DEFAULT NULL,
  `synch_time` timestamp NOT NULL,
  `change_type` int(11) NOT NULL
) ENGINE=InnoDB DEFAULT CHARSET=utf8;

--
-- Дамп данных таблицы `pill_reminder_entry`
--

INSERT INTO `pill_reminder_entry` (`_id_pill_reminder_entry`, `is_done`, `reminder_date`, `_id_pill_reminder`, `is_one_time`, `reminder_time`, `synch_time`, `change_type`) VALUES
(0x02874a6a3d2c4b46bdf298a973e206a5, 1, '2019-04-01 17:55:03', 0x6ca58191f37a4bbc8efe84a20da28804, 1, NULL, '2019-04-01 14:55:03', 2),
(0x03159ee86f854537bb687d2534b202e3, 0, '2019-03-31 16:09:01', 0x3d3497796c1f4e0d839b3e447e8aa1f2, 0, NULL, '2019-03-29 17:16:22', 3),
(0x047f535603f44ffca7dd81d365207303, 0, '2019-04-07 16:09:01', 0x3d3497796c1f4e0d839b3e447e8aa1f2, 0, NULL, '2019-03-29 17:16:22', 3),
(0x06a06a5216bf46a781320202238a0209, 0, '2019-04-07 17:16:01', 0x3d3497796c1f4e0d839b3e447e8aa1f2, 0, NULL, '2019-03-29 17:16:22', 3),
(0x0a213ab47e4a430881f04a924cf0c5f0, 0, '2019-04-05 17:16:01', 0x3d3497796c1f4e0d839b3e447e8aa1f2, 0, NULL, '2019-03-29 17:16:22', 3),
(0x0aa13f69fe7a4c258aeaa6369d2c831d, 0, '2019-04-05 09:08:01', 0xa5def5b7ab444530879a4877a817ab9f, 0, NULL, '2019-04-01 06:34:35', 1),
(0x0c238d9a42a843438293fdc1ec1cbe88, 0, '2019-04-10 17:37:00', 0x032b3d672d874b27945e0079de5eb8e8, 0, NULL, '2019-04-01 14:37:58', 1),
(0x0c771b516c5e43b6b3cea86d592669bd, 0, '2019-04-10 09:08:01', 0xa5def5b7ab444530879a4877a817ab9f, 0, NULL, '2019-04-01 06:34:35', 1),
(0x0f1e4801538a415c948caeb60836641c, 0, '2019-04-01 19:00:01', 0x510cd233f03b4c588d450ca2226d059a, 0, NULL, '2019-03-30 16:02:53', 3),
(0x1025dcc97f534bd6a05e20b83448bf1d, 0, '2019-04-05 16:09:01', 0x3d3497796c1f4e0d839b3e447e8aa1f2, 0, NULL, '2019-03-29 17:16:22', 3),
(0x13239cf711aa41ecb2c546de6f6af0f0, 0, '2019-04-02 09:08:01', 0xa5def5b7ab444530879a4877a817ab9f, 0, NULL, '2019-04-01 06:34:35', 1),
(0x13ba7609a52b4c6482cd5cca0c19bc7a, 0, '2019-03-30 17:16:01', 0x3d3497796c1f4e0d839b3e447e8aa1f2, 0, NULL, '2019-03-29 17:16:22', 3),
(0x175b0eacb8a34f68a17a7c46ed5e066f, 0, '2019-04-03 19:00:01', 0x510cd233f03b4c588d450ca2226d059a, 0, NULL, '2019-03-30 16:02:53', 3),
(0x1c9d3510c8954b05b675887ebcbea9b7, 0, '2019-04-09 01:07:00', 0xbf80e63bbb4045309fe305b208d2178c, 0, NULL, '2019-03-31 09:59:51', 3),
(0x2072557b7f034211a059d9ad0cfbe94e, 0, '2019-04-06 01:07:00', 0xbf80e63bbb4045309fe305b208d2178c, 0, NULL, '2019-03-31 09:59:51', 3),
(0x22967ebbf93240f49494fa6f4daa60cf, 0, '2019-04-02 09:43:01', 0x4c26f4b02a9740f2b81102b90dff1df0, 0, NULL, '2019-04-01 06:43:43', 1),
(0x22a33210aad74637af807dfd0f65b72e, 0, '2019-03-31 19:00:01', 0x510cd233f03b4c588d450ca2226d059a, 0, NULL, '2019-03-30 16:02:53', 3),
(0x22f280a915f64c399c89bddc2e28cc34, 0, '2019-04-07 09:43:01', 0x4c26f4b02a9740f2b81102b90dff1df0, 0, NULL, '2019-04-01 06:43:43', 1),
(0x244f7173dac8468cad5f4a549e498749, 0, '2019-04-02 17:37:00', 0x032b3d672d874b27945e0079de5eb8e8, 0, NULL, '2019-04-01 14:37:58', 1),
(0x258ae86ec66d4c2ead7fc2577a75705b, 0, '2019-04-03 09:08:01', 0xa5def5b7ab444530879a4877a817ab9f, 0, NULL, '2019-04-01 06:34:35', 1),
(0x272226798c8b4163b3366c22e17ff0b9, 0, '2019-04-02 17:16:01', 0x3d3497796c1f4e0d839b3e447e8aa1f2, 0, NULL, '2019-03-29 17:16:22', 3),
(0x2898a3b1c1e94f47b740b0d31c5fe1fb, 0, '2019-04-09 09:08:01', 0xa5def5b7ab444530879a4877a817ab9f, 0, NULL, '2019-04-01 06:34:35', 1),
(0x28ff3d9016ce4d1db7703739791f79a6, 0, '2019-03-31 17:16:01', 0x3d3497796c1f4e0d839b3e447e8aa1f2, 0, NULL, '2019-03-29 17:16:22', 3),
(0x2a63600e96c14746847d066c3612f04e, 0, '2019-04-09 17:37:00', 0x032b3d672d874b27945e0079de5eb8e8, 0, NULL, '2019-04-01 14:37:58', 1),
(0x2bc4f1558cbb435d8a5b3b812b96c532, 0, '2019-04-06 17:16:01', 0x3d3497796c1f4e0d839b3e447e8aa1f2, 0, NULL, '2019-03-29 17:16:22', 3),
(0x2c89449483054f6a8cc3c214796ca9dd, 0, '2019-04-01 16:09:01', 0x3d3497796c1f4e0d839b3e447e8aa1f2, 0, NULL, '2019-03-29 17:16:22', 3),
(0x32f136a6885b4d519e2776dff06b2596, 0, '2019-04-02 16:09:01', 0x3d3497796c1f4e0d839b3e447e8aa1f2, 0, NULL, '2019-03-29 17:16:22', 3),
(0x38788e44489646d796408736e4e017df, 0, '2019-04-05 01:07:00', 0xbf80e63bbb4045309fe305b208d2178c, 0, NULL, '2019-03-31 09:59:51', 3),
(0x3b89c059d1004cec98ed941b744ccfe7, 1, '2019-04-01 22:11:46', 0xdbdd6cb2f8d24a4d86f8f0305b66b8f7, 1, NULL, '2019-04-01 19:11:46', 2),
(0x3c6087df9c894601ae1cda458758b614, 0, '2019-04-04 17:37:00', 0x032b3d672d874b27945e0079de5eb8e8, 0, NULL, '2019-04-01 14:37:58', 1),
(0x3e5a28bb958743748139d41e23b74b89, 0, '2019-04-02 01:07:00', 0xbf80e63bbb4045309fe305b208d2178c, 0, NULL, '2019-03-31 09:59:51', 3),
(0x494ff6d623f542d09a37c4759adfbaf9, 0, '2019-04-03 09:43:01', 0x4c26f4b02a9740f2b81102b90dff1df0, 0, NULL, '2019-04-01 06:43:43', 1),
(0x4b2ac984f0654d5791bb2a9e7632f149, 0, '2019-04-01 17:16:01', 0x3d3497796c1f4e0d839b3e447e8aa1f2, 0, NULL, '2019-03-29 17:16:22', 3),
(0x4e7db1abe061417d8b08d689e185a5e2, 0, '2019-04-01 01:07:00', 0xbf80e63bbb4045309fe305b208d2178c, 0, NULL, '2019-03-31 09:59:51', 3),
(0x4f83a9ffb7cf41648f2f2b0238aec255, 0, '2019-04-05 16:09:01', 0x3d3497796c1f4e0d839b3e447e8aa1f2, 0, NULL, '2019-03-29 17:16:22', 3),
(0x4fea3a4c291f4b58825611db5f484d2c, 0, '2019-04-01 09:43:01', 0x4c26f4b02a9740f2b81102b90dff1df0, 0, NULL, '2019-04-01 06:43:43', 1),
(0x543b2f48752d412eb0ad1bfe8bf04929, 0, '2019-03-30 19:00:01', 0x510cd233f03b4c588d450ca2226d059a, 0, NULL, '2019-03-30 16:02:53', 3),
(0x55b19e7d3f6441da8c6b9b053aa0abd2, 0, '2019-04-06 17:16:01', 0x3d3497796c1f4e0d839b3e447e8aa1f2, 0, NULL, '2019-03-29 17:16:22', 3),
(0x57428b4c486b43f788b47e0588b609a1, 0, '2019-04-03 01:07:00', 0xbf80e63bbb4045309fe305b208d2178c, 0, NULL, '2019-03-31 09:59:51', 3),
(0x5a1d365766f740db92821b07e7b8c4e7, 0, '2019-04-06 19:00:01', 0x510cd233f03b4c588d450ca2226d059a, 0, NULL, '2019-03-30 16:02:53', 3),
(0x5a37318a1d3f47b29a7a2053d3c8117e, 0, '2019-04-08 01:07:00', 0xbf80e63bbb4045309fe305b208d2178c, 0, NULL, '2019-03-31 09:59:51', 3),
(0x5cafd7972bd442618f48b9123435b70d, 0, '2019-04-02 16:09:01', 0x3d3497796c1f4e0d839b3e447e8aa1f2, 0, NULL, '2019-03-29 17:16:22', 3),
(0x5da61483a50f4b3cb8cb3e4c8e13cb52, 0, '2019-04-07 09:08:01', 0xa5def5b7ab444530879a4877a817ab9f, 0, NULL, '2019-04-01 06:34:35', 1),
(0x5e550ced5e5f4af894f3509d20d587a0, 0, '2019-04-07 17:37:00', 0x032b3d672d874b27945e0079de5eb8e8, 0, NULL, '2019-04-01 14:37:58', 1),
(0x6017f2a83d2a4b00ba2d6f1a1a990751, 0, '2019-04-01 16:09:01', 0x3d3497796c1f4e0d839b3e447e8aa1f2, 0, NULL, '2019-03-29 17:16:22', 3),
(0x608776e443ee4e6191ca9396e61beda9, 0, '2019-04-03 16:09:01', 0x3d3497796c1f4e0d839b3e447e8aa1f2, 0, NULL, '2019-03-29 17:16:22', 3),
(0x667b7c7eeac44d8a9f2cb7f5722793c6, 0, '2019-04-03 16:09:01', 0x3d3497796c1f4e0d839b3e447e8aa1f2, 0, NULL, '2019-03-29 17:16:22', 3),
(0x672543af635b4e5499d45adf14aed0cf, 0, '2019-04-04 09:08:01', 0xa5def5b7ab444530879a4877a817ab9f, 0, NULL, '2019-04-01 06:34:35', 1),
(0x67862a2f8e8f4588bf10ff257b306ce4, 0, '2019-04-04 19:00:01', 0x510cd233f03b4c588d450ca2226d059a, 0, NULL, '2019-03-30 16:02:53', 3),
(0x67d9cb03e08044f6957c86c4c107e943, 0, '2019-04-05 19:00:01', 0x510cd233f03b4c588d450ca2226d059a, 0, NULL, '2019-03-30 16:02:53', 3),
(0x6fa7764d23844411af12bb54e8dcd6f6, 0, '2019-04-06 17:37:00', 0x032b3d672d874b27945e0079de5eb8e8, 0, NULL, '2019-04-01 14:37:58', 1),
(0x713f62b394544106b7c368a93e14a322, 0, '2019-03-30 16:09:01', 0x3d3497796c1f4e0d839b3e447e8aa1f2, 0, NULL, '2019-03-29 17:16:22', 3),
(0x72050db2e1ee480f980586a0828508e9, 0, '2019-04-06 09:08:01', 0xa5def5b7ab444530879a4877a817ab9f, 0, NULL, '2019-04-01 06:34:35', 1),
(0x75a28fb84f614d959628605150d7dc4a, 0, '2019-04-04 17:16:01', 0x3d3497796c1f4e0d839b3e447e8aa1f2, 0, NULL, '2019-03-29 17:16:22', 3),
(0x7db60fe307b94500ae0259146362f37e, 0, '2019-04-04 09:43:01', 0x4c26f4b02a9740f2b81102b90dff1df0, 0, NULL, '2019-04-01 06:43:43', 1),
(0x7ee0a5451abf4cc8b258061283426089, 0, '2019-03-30 16:09:01', 0x3d3497796c1f4e0d839b3e447e8aa1f2, 0, NULL, '2019-03-29 17:16:22', 3),
(0x7f4e5e409c594faab00a9c1224c93bed, 0, '2019-04-04 17:16:01', 0x3d3497796c1f4e0d839b3e447e8aa1f2, 0, NULL, '2019-03-29 17:16:22', 3),
(0x83a9d975071645658d6d7580ca1e83f8, 0, '2019-04-07 19:00:01', 0x510cd233f03b4c588d450ca2226d059a, 0, NULL, '2019-03-30 16:02:53', 3),
(0x85d5e0b3512a433fa9cab690b3cd05cd, 0, '2019-03-29 16:09:01', 0x3d3497796c1f4e0d839b3e447e8aa1f2, 0, NULL, '2019-03-29 17:16:22', 3),
(0x88268711f33249f1bcb338e54b121190, 0, '2019-04-07 01:07:00', 0xbf80e63bbb4045309fe305b208d2178c, 0, NULL, '2019-03-31 09:59:51', 3),
(0x8870b913260042af9122891b37c2aa28, 0, '2019-03-29 17:16:01', 0x3d3497796c1f4e0d839b3e447e8aa1f2, 0, NULL, '2019-03-29 17:16:22', 3),
(0x8b985e2bad7b4e8c959a256f79ba7787, 0, '2019-04-08 19:00:01', 0x510cd233f03b4c588d450ca2226d059a, 0, NULL, '2019-03-30 16:02:53', 3),
(0x8be77371eb29437c8f10a78ec7d1e512, 0, '2019-04-02 17:16:01', 0x3d3497796c1f4e0d839b3e447e8aa1f2, 0, NULL, '2019-03-29 17:16:22', 3),
(0x8e7ac1e55e3c467c8f59f4ea43ac9e18, 1, '2019-03-31 12:54:15', 0xbf80e63bbb4045309fe305b208d2178c, 0, NULL, '2019-03-31 09:59:51', 3),
(0x8ec8caf224d34f1e81f75f4073afdb94, 0, '2019-04-01 17:37:00', 0x032b3d672d874b27945e0079de5eb8e8, 0, NULL, '2019-04-01 14:37:58', 1),
(0x9165c1d17b3b49a19cc68f5a4977ac70, 0, '2019-03-31 16:09:01', 0x3d3497796c1f4e0d839b3e447e8aa1f2, 0, NULL, '2019-03-29 17:16:22', 3),
(0x9257d22b37f44f4199b7376bbda487a0, 0, '2019-04-06 09:43:01', 0x4c26f4b02a9740f2b81102b90dff1df0, 0, NULL, '2019-04-01 06:43:43', 1),
(0x92ac0d8b58cb48e29ef629feb882106b, 0, '2019-04-02 19:00:01', 0x510cd233f03b4c588d450ca2226d059a, 0, NULL, '2019-03-30 16:02:53', 3),
(0x93c1ec75577b41ad8b388fb572469cab, 0, '2019-04-09 09:43:01', 0x4c26f4b02a9740f2b81102b90dff1df0, 0, NULL, '2019-04-01 06:43:43', 1),
(0x981c636593714ab5a2c656040d0ca3b2, 0, '2019-03-31 17:16:01', 0x3d3497796c1f4e0d839b3e447e8aa1f2, 0, NULL, '2019-03-29 17:16:22', 3),
(0x9d15ca8de74d42b080fdb53ce357271f, 0, '2019-04-04 16:09:01', 0x3d3497796c1f4e0d839b3e447e8aa1f2, 0, NULL, '2019-03-29 17:16:22', 3),
(0xa8d52703d8c94b6092d394147cba389c, 0, '2019-03-29 17:16:01', 0x3d3497796c1f4e0d839b3e447e8aa1f2, 0, NULL, '2019-03-29 17:16:22', 3),
(0xae48c90d9ae04092a0913b16ee1e3098, 0, '2019-04-05 17:37:00', 0x032b3d672d874b27945e0079de5eb8e8, 0, NULL, '2019-04-01 14:37:58', 1),
(0xaff9352d833b4061814e27a545622945, 0, '2019-04-03 17:16:01', 0x3d3497796c1f4e0d839b3e447e8aa1f2, 0, NULL, '2019-03-29 17:16:22', 3),
(0xb09ab1629a1c4db093bd1f9a2ce62f37, 0, '2019-04-07 16:09:01', 0x3d3497796c1f4e0d839b3e447e8aa1f2, 0, NULL, '2019-03-29 17:16:22', 3),
(0xb3674a4c55c842ddb3feb1106fc35899, 0, '2019-04-06 16:09:01', 0x3d3497796c1f4e0d839b3e447e8aa1f2, 0, NULL, '2019-03-29 17:16:22', 3),
(0xb6def524b7bc49c180ab3ce1a4ad101f, 0, '2019-04-01 17:16:01', 0x3d3497796c1f4e0d839b3e447e8aa1f2, 0, NULL, '2019-03-29 17:16:22', 3),
(0xb814b97aebd94151b1a34f32dafac566, 0, '2019-04-07 17:16:01', 0x3d3497796c1f4e0d839b3e447e8aa1f2, 0, NULL, '2019-03-29 17:16:22', 3),
(0xba103ca15267459c8ef2c6e2288c6446, 0, '2019-04-04 16:09:01', 0x3d3497796c1f4e0d839b3e447e8aa1f2, 0, NULL, '2019-03-29 17:16:22', 3),
(0xc0d58afc8c2b4d1e90e43419b1589b4f, 0, '2019-04-05 09:43:01', 0x4c26f4b02a9740f2b81102b90dff1df0, 0, NULL, '2019-04-01 06:43:43', 1),
(0xc16796a378b842c0ace02ab0d98fad15, 0, '2019-04-08 09:08:01', 0xa5def5b7ab444530879a4877a817ab9f, 0, NULL, '2019-04-01 06:34:35', 1),
(0xc1cc9c2a087c425fbbda0e0a575fde74, 1, '2019-03-29 16:08:43', 0x3d3497796c1f4e0d839b3e447e8aa1f2, 0, NULL, '2019-03-29 17:16:22', 3),
(0xc34a27f133c544ffa224535390687a22, 0, '2019-04-08 09:43:01', 0x4c26f4b02a9740f2b81102b90dff1df0, 0, NULL, '2019-04-01 06:43:43', 1),
(0xc714a64de7214c6bba3168aed15c4ee2, 0, '2019-04-05 17:16:01', 0x3d3497796c1f4e0d839b3e447e8aa1f2, 0, NULL, '2019-03-29 17:16:22', 3),
(0xcb17b3ad4a894b709ba49f8035f11fa2, 0, '2019-03-30 17:16:01', 0x3d3497796c1f4e0d839b3e447e8aa1f2, 0, NULL, '2019-03-29 17:16:22', 3),
(0xd5dd14bab3e1481c80cdb4471289a78f, 0, '2019-04-03 17:37:00', 0x032b3d672d874b27945e0079de5eb8e8, 0, NULL, '2019-04-01 14:37:58', 1),
(0xd7ce439386304dc39c06aee6c367b290, 0, '2019-04-10 09:43:01', 0x4c26f4b02a9740f2b81102b90dff1df0, 0, NULL, '2019-04-01 06:43:43', 1),
(0xdc3adcdd4b0540c398c9e74af2f76114, 0, '2019-04-06 16:09:01', 0x3d3497796c1f4e0d839b3e447e8aa1f2, 0, NULL, '2019-03-29 17:16:22', 3),
(0xe589af14c4d8456dbaad1b5d5d529c6e, 0, '2019-04-01 09:08:01', 0xa5def5b7ab444530879a4877a817ab9f, 0, NULL, '2019-04-01 06:34:35', 1),
(0xee316709f1e74e23b02f9dca4ef12356, 0, '2019-04-08 17:37:00', 0x032b3d672d874b27945e0079de5eb8e8, 0, NULL, '2019-04-01 14:37:58', 1),
(0xf19b29c388bd4900a97d9ad8274e09aa, 0, '2019-04-04 01:07:00', 0xbf80e63bbb4045309fe305b208d2178c, 0, NULL, '2019-03-31 09:59:51', 3),
(0xf666e3e42cd3435b9da073f4239f3695, 0, '2019-04-03 17:16:01', 0x3d3497796c1f4e0d839b3e447e8aa1f2, 0, NULL, '2019-03-29 17:16:22', 3);

-- --------------------------------------------------------

--
-- Структура таблицы `reminder_time`
--

CREATE TABLE `reminder_time` (
  `_id_reminder_time` binary(16) NOT NULL,
  `reminder_time` time NOT NULL,
  `_id_pill_reminder` binary(16) DEFAULT NULL,
  `_id_measurement_reminder` binary(16) DEFAULT NULL,
  `synch_time` timestamp NOT NULL,
  `change_type` int(11) NOT NULL
) ENGINE=InnoDB DEFAULT CHARSET=utf8;

--
-- Дамп данных таблицы `reminder_time`
--

INSERT INTO `reminder_time` (`_id_reminder_time`, `reminder_time`, `_id_pill_reminder`, `_id_measurement_reminder`, `synch_time`, `change_type`) VALUES
(0x047cbeb87e2c483aac94048b357cdf78, '17:09:00', NULL, 0x3be448de4cff49cfbce2230bd1cd2519, '2019-03-30 16:07:14', 3),
(0x069d502dc9b74f2584edf85d9603a96e, '20:00:00', NULL, 0x12a2d7e8eb9f4ef49040561bc7c678a2, '2019-03-30 17:21:31', 3),
(0x0b49e05ba9844b4db713cf86fc0c2588, '17:09:00', NULL, 0x3be448de4cff49cfbce2230bd1cd2519, '2019-03-30 16:07:14', 3),
(0x25d0babdf9914cecbd8aa9488fbfd4c9, '17:09:00', NULL, 0x3be448de4cff49cfbce2230bd1cd2519, '2019-03-30 16:07:14', 3),
(0x3171722e293e4c969e1b4d480c6fb6ba, '10:04:00', NULL, 0x3be448de4cff49cfbce2230bd1cd2519, '2019-03-30 16:07:14', 3),
(0x33c8c9b64417442a916f894d8c2b1841, '10:04:00', NULL, 0x3be448de4cff49cfbce2230bd1cd2519, '2019-03-30 16:07:14', 3),
(0x3b38712ac57e48cea87517dd5d464d15, '10:04:00', NULL, 0x3be448de4cff49cfbce2230bd1cd2519, '2019-03-30 16:07:14', 3),
(0x3e680ea484354e179361e08c23ba6482, '17:09:00', NULL, 0x3be448de4cff49cfbce2230bd1cd2519, '2019-03-30 16:07:14', 3),
(0x448056452f654b54b606e19ac2615a0d, '17:09:00', NULL, 0x3be448de4cff49cfbce2230bd1cd2519, '2019-03-30 16:07:14', 3),
(0x462c835afc494f16a8b180df10ee4c4f, '17:09:00', NULL, 0x3be448de4cff49cfbce2230bd1cd2519, '2019-03-30 16:07:14', 3),
(0x46c80bbed5ee48b9b0f5e1324e33bad6, '10:04:00', NULL, 0x3be448de4cff49cfbce2230bd1cd2519, '2019-03-30 16:07:14', 3),
(0x4be83afcd292453ea9f86ac05b5ab7e2, '10:04:00', NULL, 0x3be448de4cff49cfbce2230bd1cd2519, '2019-03-30 16:07:14', 3),
(0x5962ca7867534025b0499eade54f47f1, '10:04:00', NULL, 0x3be448de4cff49cfbce2230bd1cd2519, '2019-03-30 16:07:14', 3),
(0x5ac2994fbe7447c1aa5fd158cbef20b8, '10:04:00', NULL, 0x3be448de4cff49cfbce2230bd1cd2519, '2019-03-30 16:07:14', 3),
(0x5c366ee2a03f4cea8f3f4c01fe572bf5, '17:09:00', NULL, 0x3be448de4cff49cfbce2230bd1cd2519, '2019-03-30 16:07:14', 3),
(0x627d29756e0e4f2ba5f5f011dc900b87, '17:09:00', NULL, 0x3be448de4cff49cfbce2230bd1cd2519, '2019-03-30 16:07:14', 3),
(0x63b5b68b40f84a678658770c3b80e1a7, '17:37:00', 0x032b3d672d874b27945e0079de5eb8e8, NULL, '2019-04-01 14:37:58', 1),
(0x69dc376862be4a5bbaa8eb238080be10, '10:04:00', NULL, 0x3be448de4cff49cfbce2230bd1cd2519, '2019-03-30 16:07:14', 3),
(0x6cd104144d934ef8a6cf1a05f5154f57, '01:07:00', 0xbf80e63bbb4045309fe305b208d2178c, NULL, '2019-03-31 09:59:51', 3),
(0x777e8bd57bd14808bf2988eb92c7e39c, '09:43:00', 0x4c26f4b02a9740f2b81102b90dff1df0, NULL, '2019-04-01 06:43:43', 1),
(0x83c1b26be0b64f8ea2426d49680a841a, '10:04:00', NULL, 0x3be448de4cff49cfbce2230bd1cd2519, '2019-03-30 16:07:14', 3),
(0x845967ec0f004990b4e5750f958382d7, '17:09:00', NULL, 0x3be448de4cff49cfbce2230bd1cd2519, '2019-03-30 16:07:14', 3),
(0x8720a2d05fcf42a2b6bed595ab933371, '20:00:00', NULL, 0x50c437cde3f8414a8eccaf6826ee4044, '2019-03-31 09:10:56', 3),
(0xa2f21407a48342c3a6911b31c47288f0, '10:04:00', NULL, 0x3be448de4cff49cfbce2230bd1cd2519, '2019-03-30 16:07:14', 3),
(0xb27a5faaf94e469599d60d4d026e266d, '10:04:00', NULL, 0x3be448de4cff49cfbce2230bd1cd2519, '2019-03-30 16:07:14', 3),
(0xb8e7d88ec79e478e84028a05767d477d, '09:08:00', 0xa5def5b7ab444530879a4877a817ab9f, NULL, '2019-04-01 06:34:35', 1),
(0xbec54530d2514ea0966c90916b34ec53, '17:09:00', NULL, 0x3be448de4cff49cfbce2230bd1cd2519, '2019-03-30 16:07:14', 3),
(0xd0787269e10e40f0ba40b5ec4e4a64d8, '17:09:00', NULL, 0x3be448de4cff49cfbce2230bd1cd2519, '2019-03-30 16:07:14', 3),
(0xd30dfb4bcc3c4711bedd09bcdbf65896, '10:04:00', NULL, 0x3be448de4cff49cfbce2230bd1cd2519, '2019-03-30 16:07:14', 3),
(0xd7d0cac9bb0041b787459901e0f79a2a, '20:00:00', NULL, 0x3a06ff765d1b42e7ae7ac38c33ee1ac6, '2019-03-31 09:10:54', 3),
(0xe1655c77141843d88ad1a4ff9cc906a5, '17:09:00', NULL, 0x3be448de4cff49cfbce2230bd1cd2519, '2019-03-30 16:07:14', 3),
(0xe2714b01cc60491bb0a4b1be6567dc1e, '19:00:00', 0x510cd233f03b4c588d450ca2226d059a, NULL, '2019-03-30 16:02:53', 3),
(0xe98490957d554ed684b3b09620a52edf, '17:09:00', NULL, 0x3be448de4cff49cfbce2230bd1cd2519, '2019-03-30 16:07:14', 3),
(0xf0528d0d5cfd46b6bf2149ea448fc3ba, '23:06:00', NULL, 0x3be448de4cff49cfbce2230bd1cd2519, '2019-03-30 16:07:14', 3),
(0xf0ab1848364b4c1688462a30f5bb4a1f, '12:00:00', NULL, 0xf006de867e624c988e454fc7437670b1, '2019-03-31 09:10:52', 3),
(0xf0cd5393be934083834821a7705e3c63, '10:04:00', NULL, 0x3be448de4cff49cfbce2230bd1cd2519, '2019-03-30 16:07:14', 3),
(0xf10c91c3219e4783bba6074639c6fc61, '10:04:00', NULL, 0x3be448de4cff49cfbce2230bd1cd2519, '2019-03-30 16:07:14', 3),
(0xfcd44e3d8b354b7cbb299f23a78f10c3, '16:23:00', NULL, 0x485f4ff79bc14c6e927ba95a0c14f49a, '2019-04-01 13:23:20', 1);

-- --------------------------------------------------------

--
-- Структура таблицы `user`
--

CREATE TABLE `user` (
  `user_id` int(11) NOT NULL,
  `synchronization_time` timestamp NOT NULL,
  `name` varchar(50) NOT NULL,
  `surname` varchar(50) DEFAULT NULL,
  `email` varchar(50) NOT NULL,
  `password` varchar(200) NOT NULL,
  `role_id` int(11) NOT NULL,
  `gender_id` int(11) NOT NULL,
  `birthday_year` int(11) NOT NULL
) ENGINE=InnoDB DEFAULT CHARSET=utf8;

--
-- Дамп данных таблицы `user`
--

INSERT INTO `user` (`user_id`, `synchronization_time`, `name`, `surname`, `email`, `password`, `role_id`, `gender_id`, `birthday_year`) VALUES
(15, '1970-01-18 22:04:30', 'testUser1', 'kek1', 'dsfsdf@kek3', '$2a$10$5AKAHbkUlxpq8i1jFoRGBOulKnrr6fsH.OkP99kX7fUHOThtWG5GG', 2, 1, 2009),
(16, '1970-01-18 22:04:30', 'testUser1', 'kek1', 'dsfsdf@kek4', '$2a$10$lUm.XOgv8UXeoXJ/Lz1MJOxslplW/6/EOJIXSDiFyvhxRExSV66t2', 2, 1, 2009),
(17, '1970-01-18 22:04:30', 'testUser1', 'kek1', 'dsfsdf@kek5', '$2a$10$UroBGiAvrBc0c0J74Cndr.WSyxwwg.GQZQY0wZT/.7N6eOICza216', 2, 1, 2009),
(18, '2019-02-06 20:43:13', 'testUser12', 'kek123', 'dsfsdf@kek6', '$2a$10$saCBCHkR8J2JSFBfFHfzXO9unnKHoqOW1O6nRu1aLQegQ0ENN7To2', 1, 3, 1999),
(19, '2019-01-23 19:06:16', 'testUser1', 'kek1', 'dsfsdf@kek7', '$2a$10$7aqzwoDh5iMYx.jKbpax3u6NZb45R3VBLvWLfeP8I7tR1j50nxLZ2', 2, 1, 2009),
(21, '2019-01-23 19:47:03', 'kek123', 'kek456', 'test@1', '$2a$10$cgnSZ9kFYW7D15gdkoQ43efhVdHuWi3vwuwRE6fSCHCF0ciXDz0nu', 1, 1, 2009),
(23, '2019-01-23 20:08:09', 'test2', 'surTest2', 'test@2', '$2a$10$zEmwqGos8bIDO3VgYXilcOSHvalUwG9qfsbfnGxP556YgwRDm2Sa.', 1, 2, 2009),
(24, '2019-01-23 20:17:22', 'hgjgh', 'hgjghj', 'fdgdf@gfd', '$2a$10$C2j7wxe1hGPqWlxbSceDn.wcL.rdfbWVFeSHasF7BlD.jVWIgfu96', 1, 1, 2009),
(27, '2019-01-23 20:18:25', 'hfgh', 'fghfgh', 'test@3', '$2a$10$renqcgJokAnrxCodDl1UE.JLTxBnEwc2jHfE3Li8Gm.3Q1yrZfYfO', 1, 1, 2009),
(28, '2019-01-25 15:13:38', 'test5', 'test5ser', 'test5@m', '$2a$10$0w/jDvIa7dgvgpuGMaH/2ONIoKutW1VXpjDBUX1EHmW5jRJlQP8xS', 1, 1, 2009),
(29, '2019-01-25 16:27:59', 'test6', 'test6ser', 'test6@m', '$2a$10$WD6l2qpP2a8td/gIZKFE1OFJhABjwk7IXeDYaKM19hlkvKbLNYXKq', 1, 2, 2007),
(43, '2019-03-28 10:40:38', 'kekNe3', 'dddd', 'new2@kek8', '$2a$10$B6oxUgmCWf9Kmd25PVAo/umVQIey/m9LGfj9z.D/q0m4H5TOK6al2', 1, 1, 2009);

-- --------------------------------------------------------

--
-- Структура таблицы `user_gender`
--

CREATE TABLE `user_gender` (
  `gender_id` int(11) NOT NULL,
  `gender_name` varchar(10) NOT NULL
) ENGINE=InnoDB DEFAULT CHARSET=utf8;

--
-- Дамп данных таблицы `user_gender`
--

INSERT INTO `user_gender` (`gender_id`, `gender_name`) VALUES
(1, 'Пол'),
(2, 'Мужской'),
(3, 'Женский');

-- --------------------------------------------------------

--
-- Структура таблицы `user_role`
--

CREATE TABLE `user_role` (
  `role_id` int(11) NOT NULL,
  `role_name` varchar(15) NOT NULL
) ENGINE=InnoDB DEFAULT CHARSET=utf8;

--
-- Дамп данных таблицы `user_role`
--

INSERT INTO `user_role` (`role_id`, `role_name`) VALUES
(1, 'admin'),
(2, 'user');

-- --------------------------------------------------------

--
-- Структура таблицы `week_schedule`
--

CREATE TABLE `week_schedule` (
  `_id_week_schedule` binary(16) NOT NULL,
  `mon` int(11) DEFAULT NULL,
  `tue` int(11) DEFAULT NULL,
  `wed` int(11) DEFAULT NULL,
  `thu` int(11) DEFAULT NULL,
  `fri` int(11) DEFAULT NULL,
  `sat` int(11) DEFAULT NULL,
  `sun` int(11) DEFAULT NULL,
  `synch_time` timestamp NOT NULL,
  `change_type` int(11) NOT NULL
) ENGINE=InnoDB DEFAULT CHARSET=utf8;

--
-- Дамп данных таблицы `week_schedule`
--

INSERT INTO `week_schedule` (`_id_week_schedule`, `mon`, `tue`, `wed`, `thu`, `fri`, `sat`, `sun`, `synch_time`, `change_type`) VALUES
(0x4b232c96617748c7afb317bb516532d8, 0, 1, 0, 1, 0, 0, 0, '2019-03-29 20:05:31', 1),
(0x4cd95acc4699435aa8442e34585f1753, 0, 1, 0, 1, 1, 0, 0, '2019-03-29 20:07:50', 1),
(0x6fd0e1c7674d4260879a96100e2a1643, 0, 1, 1, 1, 0, 0, 0, '2019-03-22 12:17:52', 3),
(0x8686ec9ab3be45c0b680d42c00c046c3, 0, 1, 0, 1, 0, 0, 0, '2019-03-29 19:57:50', 1),
(0x890145cb9aa54a0ea83028a2bc3c3a43, 0, 1, 0, 1, 0, 1, 0, '2019-03-28 15:28:53', 1),
(0xbdf9898a36d5404e9879732d2cab933b, 0, 1, 0, 1, 0, 0, 0, '2019-03-29 20:03:50', 1),
(0xebacb317ac4b48d8980049c3eaa94724, 0, 1, 0, 1, 0, 0, 0, '2019-03-29 20:01:17', 1),
(0xfac319df622948a282fe25576ff3be91, 0, 1, 0, 1, 0, 0, 0, '2019-03-29 20:04:37', 1);

--
-- Индексы сохранённых таблиц
--

--
-- Индексы таблицы `cycle`
--
ALTER TABLE `cycle`
  ADD PRIMARY KEY (`_id_cycle`),
  ADD KEY `period_DM_type` (`period_DM_type`),
  ADD KEY `once_a_period_DM_type` (`once_a_period_DM_type`),
  ADD KEY `_id_cycling_type` (`_id_cycling_type`),
  ADD KEY `_id_week_schedule` (`_id_week_schedule`);

--
-- Индексы таблицы `cycling_type`
--
ALTER TABLE `cycling_type`
  ADD PRIMARY KEY (`_id_cycling_type`);

--
-- Индексы таблицы `date_measurement_type`
--
ALTER TABLE `date_measurement_type`
  ADD PRIMARY KEY (`_id_date_measurement_type`);

--
-- Индексы таблицы `having_meals_type`
--
ALTER TABLE `having_meals_type`
  ADD PRIMARY KEY (`_id_having_meals_type`);

--
-- Индексы таблицы `measurement_reminder`
--
ALTER TABLE `measurement_reminder`
  ADD PRIMARY KEY (`_id_measurement_reminder`),
  ADD KEY `_id_measurement_type` (`_id_measurement_type`),
  ADD KEY `_id_having_meals_type` (`_id_having_meals_type`),
  ADD KEY `user_id` (`user_id`),
  ADD KEY `_id_cycle` (`_id_cycle`);

--
-- Индексы таблицы `measurement_reminder_entry`
--
ALTER TABLE `measurement_reminder_entry`
  ADD PRIMARY KEY (`_id_measur_remind_entry`),
  ADD KEY `_id_measurement_reminder` (`_id_measurement_reminder`);

--
-- Индексы таблицы `measurement_type`
--
ALTER TABLE `measurement_type`
  ADD PRIMARY KEY (`_id_measurement_type`),
  ADD KEY `_id_measur_value_type` (`_id_measur_value_type`);

--
-- Индексы таблицы `measurement_value_type`
--
ALTER TABLE `measurement_value_type`
  ADD PRIMARY KEY (`_id_measur_value_type`);

--
-- Индексы таблицы `pill`
--
ALTER TABLE `pill`
  ADD PRIMARY KEY (`_id_pill`);

--
-- Индексы таблицы `pill_count_type`
--
ALTER TABLE `pill_count_type`
  ADD PRIMARY KEY (`_id_pill_count_type`);

--
-- Индексы таблицы `pill_reminder`
--
ALTER TABLE `pill_reminder`
  ADD PRIMARY KEY (`_id_pill_reminder`),
  ADD KEY `_id_pill_count_type` (`_id_pill_count_type`),
  ADD KEY `_id_having_meals_type` (`_id_having_meals_type`),
  ADD KEY `user_id` (`user_id`),
  ADD KEY `_id_pill` (`_id_pill`),
  ADD KEY `_id_cycle` (`_id_cycle`);

--
-- Индексы таблицы `pill_reminder_entry`
--
ALTER TABLE `pill_reminder_entry`
  ADD PRIMARY KEY (`_id_pill_reminder_entry`),
  ADD KEY `_id_pill_reminder` (`_id_pill_reminder`);

--
-- Индексы таблицы `reminder_time`
--
ALTER TABLE `reminder_time`
  ADD PRIMARY KEY (`_id_reminder_time`),
  ADD KEY `_id_pill_reminder` (`_id_pill_reminder`),
  ADD KEY `_id_measurement_reminder` (`_id_measurement_reminder`);

--
-- Индексы таблицы `user`
--
ALTER TABLE `user`
  ADD PRIMARY KEY (`user_id`),
  ADD UNIQUE KEY `email` (`email`),
  ADD KEY `role_id` (`role_id`),
  ADD KEY `gender_id` (`gender_id`);

--
-- Индексы таблицы `user_gender`
--
ALTER TABLE `user_gender`
  ADD PRIMARY KEY (`gender_id`);

--
-- Индексы таблицы `user_role`
--
ALTER TABLE `user_role`
  ADD PRIMARY KEY (`role_id`);

--
-- Индексы таблицы `week_schedule`
--
ALTER TABLE `week_schedule`
  ADD PRIMARY KEY (`_id_week_schedule`);

--
-- AUTO_INCREMENT для сохранённых таблиц
--

--
-- AUTO_INCREMENT для таблицы `user`
--
ALTER TABLE `user`
  MODIFY `user_id` int(11) NOT NULL AUTO_INCREMENT, AUTO_INCREMENT=44;

--
-- AUTO_INCREMENT для таблицы `user_role`
--
ALTER TABLE `user_role`
  MODIFY `role_id` int(11) NOT NULL AUTO_INCREMENT, AUTO_INCREMENT=3;

--
-- Ограничения внешнего ключа сохраненных таблиц
--

--
-- Ограничения внешнего ключа таблицы `cycle`
--
ALTER TABLE `cycle`
  ADD CONSTRAINT `cycle_ibfk_1` FOREIGN KEY (`period_DM_type`) REFERENCES `date_measurement_type` (`_id_date_measurement_type`),
  ADD CONSTRAINT `cycle_ibfk_2` FOREIGN KEY (`once_a_period_DM_type`) REFERENCES `date_measurement_type` (`_id_date_measurement_type`),
  ADD CONSTRAINT `cycle_ibfk_4` FOREIGN KEY (`_id_cycling_type`) REFERENCES `cycling_type` (`_id_cycling_type`),
  ADD CONSTRAINT `cycle_ibfk_5` FOREIGN KEY (`_id_week_schedule`) REFERENCES `week_schedule` (`_id_week_schedule`);

--
-- Ограничения внешнего ключа таблицы `measurement_reminder`
--
ALTER TABLE `measurement_reminder`
  ADD CONSTRAINT `measurement_reminder_ibfk_1` FOREIGN KEY (`_id_measurement_type`) REFERENCES `measurement_type` (`_id_measurement_type`),
  ADD CONSTRAINT `measurement_reminder_ibfk_3` FOREIGN KEY (`_id_having_meals_type`) REFERENCES `having_meals_type` (`_id_having_meals_type`),
  ADD CONSTRAINT `measurement_reminder_ibfk_4` FOREIGN KEY (`user_id`) REFERENCES `user` (`user_id`),
  ADD CONSTRAINT `measurement_reminder_ibfk_5` FOREIGN KEY (`_id_cycle`) REFERENCES `cycle` (`_id_cycle`);

--
-- Ограничения внешнего ключа таблицы `measurement_reminder_entry`
--
ALTER TABLE `measurement_reminder_entry`
  ADD CONSTRAINT `measurement_reminder_entry_ibfk_1` FOREIGN KEY (`_id_measurement_reminder`) REFERENCES `measurement_reminder` (`_id_measurement_reminder`);

--
-- Ограничения внешнего ключа таблицы `measurement_type`
--
ALTER TABLE `measurement_type`
  ADD CONSTRAINT `measurement_type_ibfk_1` FOREIGN KEY (`_id_measur_value_type`) REFERENCES `measurement_value_type` (`_id_measur_value_type`);

--
-- Ограничения внешнего ключа таблицы `pill_reminder`
--
ALTER TABLE `pill_reminder`
  ADD CONSTRAINT `pill_reminder_ibfk_2` FOREIGN KEY (`_id_pill_count_type`) REFERENCES `pill_count_type` (`_id_pill_count_type`),
  ADD CONSTRAINT `pill_reminder_ibfk_4` FOREIGN KEY (`_id_having_meals_type`) REFERENCES `having_meals_type` (`_id_having_meals_type`),
  ADD CONSTRAINT `pill_reminder_ibfk_5` FOREIGN KEY (`user_id`) REFERENCES `user` (`user_id`),
  ADD CONSTRAINT `pill_reminder_ibfk_6` FOREIGN KEY (`_id_pill`) REFERENCES `pill` (`_id_pill`),
  ADD CONSTRAINT `pill_reminder_ibfk_7` FOREIGN KEY (`_id_cycle`) REFERENCES `cycle` (`_id_cycle`);

--
-- Ограничения внешнего ключа таблицы `pill_reminder_entry`
--
ALTER TABLE `pill_reminder_entry`
  ADD CONSTRAINT `pill_reminder_entry_ibfk_1` FOREIGN KEY (`_id_pill_reminder`) REFERENCES `pill_reminder` (`_id_pill_reminder`);

--
-- Ограничения внешнего ключа таблицы `reminder_time`
--
ALTER TABLE `reminder_time`
  ADD CONSTRAINT `reminder_time_ibfk_1` FOREIGN KEY (`_id_pill_reminder`) REFERENCES `pill_reminder` (`_id_pill_reminder`),
  ADD CONSTRAINT `reminder_time_ibfk_2` FOREIGN KEY (`_id_measurement_reminder`) REFERENCES `measurement_reminder` (`_id_measurement_reminder`);

--
-- Ограничения внешнего ключа таблицы `user`
--
ALTER TABLE `user`
  ADD CONSTRAINT `user_ibfk_1` FOREIGN KEY (`role_id`) REFERENCES `user_role` (`role_id`),
  ADD CONSTRAINT `user_ibfk_2` FOREIGN KEY (`gender_id`) REFERENCES `user_gender` (`gender_id`);
COMMIT;

/*!40101 SET CHARACTER_SET_CLIENT=@OLD_CHARACTER_SET_CLIENT */;
/*!40101 SET CHARACTER_SET_RESULTS=@OLD_CHARACTER_SET_RESULTS */;
/*!40101 SET COLLATION_CONNECTION=@OLD_COLLATION_CONNECTION */;
